yil;ay;otorite_adi;istasyon_adi;tekil_yolcu_sayisi;toplam_yolculuk_sayisi
2024;1;IBB TOPLU ULASIM HIZMETLERI MUDURLUGU;EMINONU KADIKOY;121832;196400
2024;1;SINIRLI SORUMLU MAVI MARMARA TURIZM DENIZ YOLCU VE YUK TASIMA VE ISLETME KOOPERATIFI;Kınaladı;2994;8433
2024;1;IBB TOPLU ULASIM HIZMETLERI MUDURLUGU;Anadolu Kavağı;4281;8219
2024;1;IDO-ISTANBUL DENIZ OTD. SAN. VE TIC. A.S.;Yeni Kabataş;14;14
2024;1;IBB TOPLU ULASIM HIZMETLERI MUDURLUGU;Ayvansaray;892;1335
2024;1;S.S. ISTANBUL KARTAL DENIZ YOL YUK VE TURZ TAS MOTORLU TAS KOOP;Büyükada;12031;34882
2024;1;DENTUR - AVRASYA DENIZ TAS.TUR.HIZ.INS.SAN.TIC. AS.;Kabataş Ahbap İskele;1707;2410
2024;1;IBB TOPLU ULASIM HIZMETLERI MUDURLUGU;Bostancı;10272;23780
2024;1;IBB TOPLU ULASIM HIZMETLERI MUDURLUGU;Çubuklu;486;809
2024;1;IBB TOPLU ULASIM HIZMETLERI MUDURLUGU;Üsküdar;166591;273164
2024;1;IBB TOPLU ULASIM HIZMETLERI MUDURLUGU;Arnavutköy;4804;9638
2024;1;IBB TOPLU ULASIM HIZMETLERI MUDURLUGU;Hasköy;6197;11425
2024;1;IBB TOPLU ULASIM HIZMETLERI MUDURLUGU;Kadıköy Yeni;3;3
2024;1;SINIRLI SORUMLU MAVI MARMARA TURIZM DENIZ YOLCU VE YUK TASIMA VE ISLETME KOOPERATIFI;Büyükada;13655;31311
2024;1;IBB TOPLU ULASIM HIZMETLERI MUDURLUGU;BESIKTAS;10706;21256
2024;1;IDO-ISTANBUL DENIZ OTD. SAN. VE TIC. A.S.;Sirkeci-Harem;12291;21294
2024;1;IBB TOPLU ULASIM HIZMETLERI MUDURLUGU;Kadıköy (Eski);10376;19115
2024;1;IBB TOPLU ULASIM HIZMETLERI MUDURLUGU;Bebek;7198;12571
2024;1;TURYOL - S.S. TURIZM VE YOLCU DENIZ TASIYICILAR KOOPERATIFI;Kadıköy Balon;36286;56873
2024;1;IBB TOPLU ULASIM HIZMETLERI MUDURLUGU;Kuzguncuk;330;1232
2024;1;IBB TOPLU ULASIM HIZMETLERI MUDURLUGU;BUYUKADA;28223;65752
2024;1;IBB TOPLU ULASIM HIZMETLERI MUDURLUGU;Büyükdere;1874;2629
2024;1;IBB TOPLU ULASIM HIZMETLERI MUDURLUGU;KADIKOY YENI;156734;281804
2024;1;S.S. ISTANBUL KARTAL DENIZ YOL YUK VE TURZ TAS MOTORLU TAS KOOP;Heybeliada;4006;11213
2024;1;IBB TOPLU ULASIM HIZMETLERI MUDURLUGU;Sütlüce;3289;5572
2024;1;IBB TOPLU ULASIM HIZMETLERI MUDURLUGU;Küçüksu;5799;14687
2024;1;IBB TOPLU ULASIM HIZMETLERI MUDURLUGU;HEYBELIADA;9665;27591
2024;1;IBB TOPLU ULASIM HIZMETLERI MUDURLUGU;Anadolu Hisarı;5743;12556
2024;1;IBB TOPLU ULASIM HIZMETLERI MUDURLUGU;Paşabahçe;1045;3459
2024;1;S.S. ISTANBUL KARTAL DENIZ YOL YUK VE TURZ TAS MOTORLU TAS KOOP;;417;435
2024;1;IDO-ISTANBUL DENIZ OTD. SAN. VE TIC. A.S.;Eskihisar;5295;10032
2024;1;IBB TOPLU ULASIM HIZMETLERI MUDURLUGU;KARAKOY;124787;200010
2024;1;DENTUR - AVRASYA DENIZ TAS.TUR.HIZ.INS.SAN.TIC. AS.;Üsküdar;250156;605992
2024;1;SINIRLI SORUMLU MAVI MARMARA TURIZM DENIZ YOLCU VE YUK TASIMA VE ISLETME KOOPERATIFI;;97;99
2024;1;IBB TOPLU ULASIM HIZMETLERI MUDURLUGU;KADIKOY ESKI;138791;208499
2024;1;IBB TOPLU ULASIM HIZMETLERI MUDURLUGU;BARBAROS;104147;159525
2024;1;IBB TOPLU ULASIM HIZMETLERI MUDURLUGU;Çengelköy;10389;37043
2024;1;SINIRLI SORUMLU MAVI MARMARA TURIZM DENIZ YOLCU VE YUK TASIMA VE ISLETME KOOPERATIFI;Heybeliada;6141;15617
2024;1;IBB TOPLU ULASIM HIZMETLERI MUDURLUGU;BOSTANCI;1476;4120
2024;1;IBB TOPLU ULASIM HIZMETLERI MUDURLUGU;Sarıyer;10129;20299
2024;1;IBB TOPLU ULASIM HIZMETLERI MUDURLUGU;Kasımpaşa;14132;29003
2024;1;IDO-ISTANBUL DENIZ OTD. SAN. VE TIC. A.S.;Topçular;5208;9868
2024;1;IBB TOPLU ULASIM HIZMETLERI MUDURLUGU;Rumeli Kavağı;1911;3174
2024;1;IDO-ISTANBUL DENIZ OTD. SAN. VE TIC. A.S.;Harem;11639;20092
2024;1;IBB TOPLU ULASIM HIZMETLERI MUDURLUGU;Yenikapı;1;1
2024;1;DENTUR - AVRASYA DENIZ TAS.TUR.HIZ.INS.SAN.TIC. AS.;;1336;1559
2024;1;BEYDEN DENIZ ULASIM HIZMETLERI TURIZM VE TIC. LTD. STI.;BEYDEN - Beykoz;6959;20844
2024;1;DENTUR - AVRASYA DENIZ TAS.TUR.HIZ.INS.SAN.TIC. AS.;YENI Kabataş;41138;96477
2024;1;IBB TOPLU ULASIM HIZMETLERI MUDURLUGU;İstinye;4337;8279
2024;1;IBB TOPLU ULASIM HIZMETLERI MUDURLUGU;USKUDAR;55157;96105
2024;1;TURYOL - S.S. TURIZM VE YOLCU DENIZ TASIYICILAR KOOPERATIFI;Üsküdar;28443;61944
2024;1;SINIRLI SORUMLU MAVI MARMARA TURIZM DENIZ YOLCU VE YUK TASIMA VE ISLETME KOOPERATIFI;Burgazada;3294;7079
2024;1;S.S. ISTANBUL KARTAL DENIZ YOL YUK VE TURZ TAS MOTORLU TAS KOOP;Kartal;13839;41844
2024;1;ISTANBUL SEHIR HATLARI TUR. SAN. VE TIC. AS.;Çubuklu Arabalı;9724;26314
2024;1;IBB TOPLU ULASIM HIZMETLERI MUDURLUGU;Beşiktaş;17473;27080
2024;1;IBB TOPLU ULASIM HIZMETLERI MUDURLUGU;Yeni Kabataş;14798;28020
2024;1;IBB TOPLU ULASIM HIZMETLERI MUDURLUGU;ORTAKOY;23428;40721
2024;1;IBB TOPLU ULASIM HIZMETLERI MUDURLUGU;EMINONU BOGAZ;117899;183053
2024;1;IBB TOPLU ULASIM HIZMETLERI MUDURLUGU;Beykoz;5463;11647
2024;1;IBB TOPLU ULASIM HIZMETLERI MUDURLUGU;Fener;6863;11116
2024;1;IBB TOPLU ULASIM HIZMETLERI MUDURLUGU;Eminönü - Üsküdar;57819;105590
2024;1;TURYOL - S.S. TURIZM VE YOLCU DENIZ TASIYICILAR KOOPERATIFI;Kadıköy Çayırbaşı;138783;225392
2024;1;IBB TOPLU ULASIM HIZMETLERI MUDURLUGU;Eyüp;15311;21643
2024;1;DENTUR - AVRASYA DENIZ TAS.TUR.HIZ.INS.SAN.TIC. AS.;Beşiktaş;292115;622892
2024;1;ISTANBUL SEHIR HATLARI TUR. SAN. VE TIC. AS.;;343;612
2024;1;IBB TOPLU ULASIM HIZMETLERI MUDURLUGU;Ortaköy;7041;10723
2024;1;IBB TOPLU ULASIM HIZMETLERI MUDURLUGU;Kandilli;640;2033
2024;1;SINIRLI SORUMLU MAVI MARMARA TURIZM DENIZ YOLCU VE YUK TASIMA VE ISLETME KOOPERATIFI;Bostancı;24444;59234
2024;1;IBB TOPLU ULASIM HIZMETLERI MUDURLUGU;Balat;2620;4227
2024;1;IBB TOPLU ULASIM HIZMETLERI MUDURLUGU;Emirgan;4365;7039
2024;1;IBB TOPLU ULASIM HIZMETLERI MUDURLUGU;BURGAZADA;6094;15982
2024;1;IBB TOPLU ULASIM HIZMETLERI MUDURLUGU;Kanlıca;2375;4134
2024;1;ISTANBUL SEHIR HATLARI TUR. SAN. VE TIC. AS.;İstinye;10873;28989
2024;1;IBB TOPLU ULASIM HIZMETLERI MUDURLUGU;Karaköy;10383;14752
2024;1;IBB TOPLU ULASIM HIZMETLERI MUDURLUGU;;17903;34998
2024;1;IBB TOPLU ULASIM HIZMETLERI MUDURLUGU;YENI Kabataş;30440;64946
2024;1;TURYOL - S.S. TURIZM VE YOLCU DENIZ TASIYICILAR KOOPERATIFI;Karaköy;59381;135106
2024;1;BEYDEN DENIZ ULASIM HIZMETLERI TURIZM VE TIC. LTD. STI.;BEYDEN - Yeniköy;7182;22448
2024;1;IBB TOPLU ULASIM HIZMETLERI MUDURLUGU;Beylerbeyi;1812;4852
2024;1;IBB TOPLU ULASIM HIZMETLERI MUDURLUGU;KINALIADA;4437;11787
2024;1;TURYOL - S.S. TURIZM VE YOLCU DENIZ TASIYICILAR KOOPERATIFI;Eminönü;88154;142818
2024;2;TURYOL - S.S. TURIZM VE YOLCU DENIZ TASIYICILAR KOOPERATIFI;Eminönü;108526;168175
2024;2;IBB TOPLU ULASIM HIZMETLERI MUDURLUGU;Kasımpaşa;18115;35048
2024;2;IBB TOPLU ULASIM HIZMETLERI MUDURLUGU;Kanlıca;3424;5340
2024;2;DENTUR - AVRASYA DENIZ TAS.TUR.HIZ.INS.SAN.TIC. AS.;;663;738
2024;2;IBB TOPLU ULASIM HIZMETLERI MUDURLUGU;Ayvansaray;1224;1808
2024;2;IDO-ISTANBUL DENIZ OTD. SAN. VE TIC. A.S.;Topçular;4982;9034
2024;2;IBB TOPLU ULASIM HIZMETLERI MUDURLUGU;Üsküdar;207959;324242
2024;2;IBB TOPLU ULASIM HIZMETLERI MUDURLUGU;Yenikapı;1;1
2024;2;IBB TOPLU ULASIM HIZMETLERI MUDURLUGU;Ortaköy;9385;13725
2024;2;IBB TOPLU ULASIM HIZMETLERI MUDURLUGU;Hasköy;8226;14539
2024;2;BEYDEN DENIZ ULASIM HIZMETLERI TURIZM VE TIC. LTD. STI.;BEYDEN - Beykoz;7858;20687
2024;2;IBB TOPLU ULASIM HIZMETLERI MUDURLUGU;Kadıköy Yeni;1;1
2024;2;IBB TOPLU ULASIM HIZMETLERI MUDURLUGU;Çengelköy;13279;40448
2024;2;IBB TOPLU ULASIM HIZMETLERI MUDURLUGU;KADIKOY YENI;181150;313066
2024;2;IBB TOPLU ULASIM HIZMETLERI MUDURLUGU;BUYUKADA;38835;80484
2024;2;IDO-ISTANBUL DENIZ OTD. SAN. VE TIC. A.S.;Sirkeci-Harem;14304;24675
2024;2;IBB TOPLU ULASIM HIZMETLERI MUDURLUGU;Karaköy;13142;18537
2024;2;IDO-ISTANBUL DENIZ OTD. SAN. VE TIC. A.S.;Eskihisar;5203;9414
2024;2;IBB TOPLU ULASIM HIZMETLERI MUDURLUGU;Bebek;7729;12689
2024;2;IBB TOPLU ULASIM HIZMETLERI MUDURLUGU;Yeni Kabataş;21774;36786
2024;2;IBB TOPLU ULASIM HIZMETLERI MUDURLUGU;Sütlüce;4352;7021
2024;2;IBB TOPLU ULASIM HIZMETLERI MUDURLUGU;Fener;9866;14929
2024;2;SINIRLI SORUMLU MAVI MARMARA TURIZM DENIZ YOLCU VE YUK TASIMA VE ISLETME KOOPERATIFI;Kınalıada;4224;10398
2024;2;IBB TOPLU ULASIM HIZMETLERI MUDURLUGU;HEYBELIADA;13450;33202
2024;2;DENTUR - AVRASYA DENIZ TAS.TUR.HIZ.INS.SAN.TIC. AS.;Üsküdar;294138;664460
2024;2;IDO-ISTANBUL DENIZ OTD. SAN. VE TIC. A.S.;Yeni Kabataş;19;19
2024;2;S.S. ISTANBUL KARTAL DENIZ YOL YUK VE TURZ TAS MOTORLU TAS KOOP;Heybeliada;5402;12977
2024;2;IBB TOPLU ULASIM HIZMETLERI MUDURLUGU;Paşabahçe;1395;3718
2024;2;IBB TOPLU ULASIM HIZMETLERI MUDURLUGU;Anadolu Kavağı;6746;10826
2024;2;IBB TOPLU ULASIM HIZMETLERI MUDURLUGU;;29426;57317
2024;2;IBB TOPLU ULASIM HIZMETLERI MUDURLUGU;BOSTANCI;1860;4823
2024;2;DENTUR - AVRASYA DENIZ TAS.TUR.HIZ.INS.SAN.TIC. AS.;YENI Kabataş;46356;101025
2024;2;TURYOL - S.S. TURIZM VE YOLCU DENIZ TASIYICILAR KOOPERATIFI;Karaköy;73420;154212
2024;2;SINIRLI SORUMLU MAVI MARMARA TURIZM DENIZ YOLCU VE YUK TASIMA VE ISLETME KOOPERATIFI;;2;2
2024;2;DENTUR - AVRASYA DENIZ TAS.TUR.HIZ.INS.SAN.TIC. AS.;Beşiktaş;343615;700463
2024;2;IBB TOPLU ULASIM HIZMETLERI MUDURLUGU;Balat;3742;5756
2024;2;IBB TOPLU ULASIM HIZMETLERI MUDURLUGU;Beykoz;7658;14258
2024;2;IBB TOPLU ULASIM HIZMETLERI MUDURLUGU;Sarıyer;13666;24611
2024;2;IBB TOPLU ULASIM HIZMETLERI MUDURLUGU;Bostancı;13709;28026
2024;2;IBB TOPLU ULASIM HIZMETLERI MUDURLUGU;Arnavutköy;6419;11682
2024;2;IBB TOPLU ULASIM HIZMETLERI MUDURLUGU;EMINONU BOGAZ;98059;151974
2024;2;S.S. ISTANBUL KARTAL DENIZ YOL YUK VE TURZ TAS MOTORLU TAS KOOP;Büyükada;16601;41667
2024;2;IBB TOPLU ULASIM HIZMETLERI MUDURLUGU;İstinye;6027;10561
2024;2;ISTANBUL SEHIR HATLARI TUR. SAN. VE TIC. AS.;İstinye;12381;29919
2024;2;IBB TOPLU ULASIM HIZMETLERI MUDURLUGU;ORTAKOY;30714;50655
2024;2;SINIRLI SORUMLU MAVI MARMARA TURIZM DENIZ YOLCU VE YUK TASIMA VE ISLETME KOOPERATIFI;Bostancı;36246;75606
2024;2;IBB TOPLU ULASIM HIZMETLERI MUDURLUGU;Emirgan;6369;9256
2024;2;IBB TOPLU ULASIM HIZMETLERI MUDURLUGU;BARBAROS;122920;183682
2024;2;IBB TOPLU ULASIM HIZMETLERI MUDURLUGU;Eskihisar;5;7
2024;2;ISTANBUL SEHIR HATLARI TUR. SAN. VE TIC. AS.;Çubuklu Arabalı;10941;26810
2024;2;SINIRLI SORUMLU MAVI MARMARA TURIZM DENIZ YOLCU VE YUK TASIMA VE ISLETME KOOPERATIFI;Burgazada;5264;9749
2024;2;IBB TOPLU ULASIM HIZMETLERI MUDURLUGU;KARAKOY;145686;228542
2024;2;IBB TOPLU ULASIM HIZMETLERI MUDURLUGU;Kuzguncuk;302;1142
2024;2;BEYDEN DENIZ ULASIM HIZMETLERI TURIZM VE TIC. LTD. STI.;BEYDEN - Yeniköy;8507;24480
2024;2;IBB TOPLU ULASIM HIZMETLERI MUDURLUGU;Kandilli;790;2209
2024;2;IBB TOPLU ULASIM HIZMETLERI MUDURLUGU;KADIKOY ESKI;169625;248202
2024;2;IBB TOPLU ULASIM HIZMETLERI MUDURLUGU;YENI Kabataş;35313;70249
2024;2;IBB TOPLU ULASIM HIZMETLERI MUDURLUGU;Büyükdere;2634;3548
2024;2;SINIRLI SORUMLU MAVI MARMARA TURIZM DENIZ YOLCU VE YUK TASIMA VE ISLETME KOOPERATIFI;Heybeliada;8222;18310
2024;2;IBB TOPLU ULASIM HIZMETLERI MUDURLUGU;Kadıköy (Eski);15520;25190
2024;2;DENTUR - AVRASYA DENIZ TAS.TUR.HIZ.INS.SAN.TIC. AS.;Kabataş Ahbap İskele;1873;2576
2024;2;ISTANBUL SEHIR HATLARI TUR. SAN. VE TIC. AS.;;258;424
2024;2;TURYOL - S.S. TURIZM VE YOLCU DENIZ TASIYICILAR KOOPERATIFI;Kadıköy Çayırbaşı;179837;282110
2024;2;IBB TOPLU ULASIM HIZMETLERI MUDURLUGU;BURGAZADA;8940;19441
2024;2;IBB TOPLU ULASIM HIZMETLERI MUDURLUGU;BESIKTAS;13884;25273
2024;2;TURYOL - S.S. TURIZM VE YOLCU DENIZ TASIYICILAR KOOPERATIFI;Üsküdar;37606;73644
2024;2;IBB TOPLU ULASIM HIZMETLERI MUDURLUGU;Küçüksu;8009;21328
2024;2;IBB TOPLU ULASIM HIZMETLERI MUDURLUGU;Beşiktaş;22431;34053
2024;2;IBB TOPLU ULASIM HIZMETLERI MUDURLUGU;Eyüp;24123;32444
2024;2;IBB TOPLU ULASIM HIZMETLERI MUDURLUGU;Çubuklu;723;1055
2024;2;IDO-ISTANBUL DENIZ OTD. SAN. VE TIC. A.S.;Harem;13920;23343
2024;2;TURYOL - S.S. TURIZM VE YOLCU DENIZ TASIYICILAR KOOPERATIFI;Kadıköy Balon;44626;67122
2024;2;IBB TOPLU ULASIM HIZMETLERI MUDURLUGU;Anadolu Hisarı;8209;16536
2024;2;IBB TOPLU ULASIM HIZMETLERI MUDURLUGU;EMINONU KADIKOY;165341;240829
2024;2;IBB TOPLU ULASIM HIZMETLERI MUDURLUGU;Rumeli Kavağı;2499;3886
2024;2;IBB TOPLU ULASIM HIZMETLERI MUDURLUGU;USKUDAR;77712;127161
2024;2;IBB TOPLU ULASIM HIZMETLERI MUDURLUGU;Beylerbeyi;2488;5620
2024;2;S.S. ISTANBUL KARTAL DENIZ YOL YUK VE TURZ TAS MOTORLU TAS KOOP;Kartal;20081;50852
2024;2;IBB TOPLU ULASIM HIZMETLERI MUDURLUGU;KINALIADA;6666;15029
2024;2;SINIRLI SORUMLU MAVI MARMARA TURIZM DENIZ YOLCU VE YUK TASIMA VE ISLETME KOOPERATIFI;Büyükada;19140;39552
2024;2;IBB TOPLU ULASIM HIZMETLERI MUDURLUGU;Eminönü - Üsküdar;133700;203303
2024;3;BEYDEN DENIZ ULASIM HIZMETLERI TURIZM VE TIC. LTD. STI.;BEYDEN - Yeniköy;9146;33260
2024;3;IBB TOPLU ULASIM HIZMETLERI MUDURLUGU;Beylerbeyi;2241;5366
2024;3;IBB TOPLU ULASIM HIZMETLERI MUDURLUGU;Hasköy;7579;14526
2024;3;IDO-ISTANBUL DENIZ OTD. SAN. VE TIC. A.S.;Sirkeci-Harem;13136;22664
2024;3;IBB TOPLU ULASIM HIZMETLERI MUDURLUGU;Yenikapı;3;3
2024;3;S.S. ISTANBUL KARTAL DENIZ YOL YUK VE TURZ TAS MOTORLU TAS KOOP;Büyükada;16250;43058
2024;3;IBB TOPLU ULASIM HIZMETLERI MUDURLUGU;ORTAKOY;26384;46347
2024;3;BEYDEN DENIZ ULASIM HIZMETLERI TURIZM VE TIC. LTD. STI.;BEYDEN - Beykoz;4961;12374
2024;3;TURYOL - S.S. TURIZM VE YOLCU DENIZ TASIYICILAR KOOPERATIFI;Kadıköy Balon;43992;69075
2024;3;IBB TOPLU ULASIM HIZMETLERI MUDURLUGU;Kuzguncuk;284;1131
2024;3;DENTUR - AVRASYA DENIZ TAS.TUR.HIZ.INS.SAN.TIC. AS.;Beşiktaş;326647;719726
2024;3;IBB TOPLU ULASIM HIZMETLERI MUDURLUGU;KARAKOY;130064;214227
2024;3;SINIRLI SORUMLU MAVI MARMARA TURIZM DENIZ YOLCU VE YUK TASIMA VE ISLETME KOOPERATIFI;;437;470
2024;3;SINIRLI SORUMLU MAVI MARMARA TURIZM DENIZ YOLCU VE YUK TASIMA VE ISLETME KOOPERATIFI;Burgazada;5816;10834
2024;3;IBB TOPLU ULASIM HIZMETLERI MUDURLUGU;BARBAROS;116221;180694
2024;3;IBB TOPLU ULASIM HIZMETLERI MUDURLUGU;Kasımpaşa;18297;35490
2024;3;IBB TOPLU ULASIM HIZMETLERI MUDURLUGU;Emirgan;6337;9773
2024;3;IBB TOPLU ULASIM HIZMETLERI MUDURLUGU;İstinye;5363;9930
2024;3;TURYOL - S.S. TURIZM VE YOLCU DENIZ TASIYICILAR KOOPERATIFI;Eminönü;104579;169317
2024;3;IBB TOPLU ULASIM HIZMETLERI MUDURLUGU;Paşabahçe;1352;3762
2024;3;IBB TOPLU ULASIM HIZMETLERI MUDURLUGU;Balat;3091;5103
2024;3;DENTUR - AVRASYA DENIZ TAS.TUR.HIZ.INS.SAN.TIC. AS.;;1131;1293
2024;3;IBB TOPLU ULASIM HIZMETLERI MUDURLUGU;Çengelköy;10950;38386
2024;3;SINIRLI SORUMLU MAVI MARMARA TURIZM DENIZ YOLCU VE YUK TASIMA VE ISLETME KOOPERATIFI;Kınalıada;5054;11989
2024;3;IBB TOPLU ULASIM HIZMETLERI MUDURLUGU;BESIKTAS;13139;24591
2024;3;ISTANBUL SEHIR HATLARI TUR. SAN. VE TIC. AS.;;210;330
2024;3;IBB TOPLU ULASIM HIZMETLERI MUDURLUGU;Küçüksu;8136;24254
2024;3;IBB TOPLU ULASIM HIZMETLERI MUDURLUGU;KADIKOY YENI;166634;304457
2024;3;IBB TOPLU ULASIM HIZMETLERI MUDURLUGU;USKUDAR;68043;118701
2024;3;SINIRLI SORUMLU MAVI MARMARA TURIZM DENIZ YOLCU VE YUK TASIMA VE ISLETME KOOPERATIFI;Büyükada;22055;45251
2024;3;TURYOL - S.S. TURIZM VE YOLCU DENIZ TASIYICILAR KOOPERATIFI;Kadıköy Çayırbaşı;164028;269291
2024;3;SINIRLI SORUMLU MAVI MARMARA TURIZM DENIZ YOLCU VE YUK TASIMA VE ISLETME KOOPERATIFI;Heybeliada;8494;20011
2024;3;IBB TOPLU ULASIM HIZMETLERI MUDURLUGU;Kandilli;718;2259
2024;3;DENTUR - AVRASYA DENIZ TAS.TUR.HIZ.INS.SAN.TIC. AS.;Kabataş Ahbap İskele;1633;2106
2024;3;IBB TOPLU ULASIM HIZMETLERI MUDURLUGU;Anadolu Kavağı;5793;10123
2024;3;IDO-ISTANBUL DENIZ OTD. SAN. VE TIC. A.S.;Yeni Kabataş;35;57
2024;3;IBB TOPLU ULASIM HIZMETLERI MUDURLUGU;Arnavutköy;6119;11525
2024;3;IDO-ISTANBUL DENIZ OTD. SAN. VE TIC. A.S.;Topçular;4542;8547
2024;3;IBB TOPLU ULASIM HIZMETLERI MUDURLUGU;HEYBELIADA;15257;38832
2024;3;IDO-ISTANBUL DENIZ OTD. SAN. VE TIC. A.S.;Eskihisar;4771;8943
2024;3;IBB TOPLU ULASIM HIZMETLERI MUDURLUGU;Üsküdar;174495;284019
2024;3;S.S. ISTANBUL KARTAL DENIZ YOL YUK VE TURZ TAS MOTORLU TAS KOOP;Heybeliada;5438;13549
2024;3;IBB TOPLU ULASIM HIZMETLERI MUDURLUGU;Karaköy;11457;17054
2024;3;IBB TOPLU ULASIM HIZMETLERI MUDURLUGU;Sütlüce;4973;8168
2024;3;TURYOL - S.S. TURIZM VE YOLCU DENIZ TASIYICILAR KOOPERATIFI;Karaköy;61846;140995
2024;3;IBB TOPLU ULASIM HIZMETLERI MUDURLUGU;YENI Kabataş;50397;102254
2024;3;IBB TOPLU ULASIM HIZMETLERI MUDURLUGU;Çubuklu;982;1334
2024;3;IBB TOPLU ULASIM HIZMETLERI MUDURLUGU;EMINONU BOGAZ;56639;106578
2024;3;IBB TOPLU ULASIM HIZMETLERI MUDURLUGU;Fener;9397;15105
2024;3;IBB TOPLU ULASIM HIZMETLERI MUDURLUGU;BUYUKADA;45416;97886
2024;3;TURYOL - S.S. TURIZM VE YOLCU DENIZ TASIYICILAR KOOPERATIFI;Üsküdar;32121;68619
2024;3;IBB TOPLU ULASIM HIZMETLERI MUDURLUGU;BURGAZADA;10451;22824
2024;3;IBB TOPLU ULASIM HIZMETLERI MUDURLUGU;Eyüp;20108;27914
2024;3;IBB TOPLU ULASIM HIZMETLERI MUDURLUGU;Ayvansaray;1317;1994
2024;3;ISTANBUL SEHIR HATLARI TUR. SAN. VE TIC. AS.;İstinye;12266;31322
2024;3;IBB TOPLU ULASIM HIZMETLERI MUDURLUGU;EMINONU KADIKOY;140510;220284
2024;3;IBB TOPLU ULASIM HIZMETLERI MUDURLUGU;;31070;64825
2024;3;IBB TOPLU ULASIM HIZMETLERI MUDURLUGU;Anadolu Hisarı;7852;17387
2024;3;IBB TOPLU ULASIM HIZMETLERI MUDURLUGU;Eminönü - Üsküdar;132893;211711
2024;3;ISTANBUL SEHIR HATLARI TUR. SAN. VE TIC. AS.;Çubuklu Arabalı;10956;28157
2024;3;IBB TOPLU ULASIM HIZMETLERI MUDURLUGU;BOSTANCI;2051;5132
2024;3;IBB TOPLU ULASIM HIZMETLERI MUDURLUGU;Yeni Kabataş;12875;21356
2024;3;IBB TOPLU ULASIM HIZMETLERI MUDURLUGU;KADIKOY ESKI;156342;238714
2024;3;DENTUR - AVRASYA DENIZ TAS.TUR.HIZ.INS.SAN.TIC. AS.;Üsküdar;276981;682824
2024;3;IBB TOPLU ULASIM HIZMETLERI MUDURLUGU;Beykoz;6749;13566
2024;3;DENTUR - AVRASYA DENIZ TAS.TUR.HIZ.INS.SAN.TIC. AS.;YENI Kabataş;45912;106171
2024;3;IBB TOPLU ULASIM HIZMETLERI MUDURLUGU;Kadıköy (Eski);17256;29151
2024;3;IBB TOPLU ULASIM HIZMETLERI MUDURLUGU;Büyükdere;2291;3337
2024;3;S.S. ISTANBUL KARTAL DENIZ YOL YUK VE TURZ TAS MOTORLU TAS KOOP;;409;433
2024;3;IBB TOPLU ULASIM HIZMETLERI MUDURLUGU;Rumeli Kavağı;2328;3755
2024;3;IBB TOPLU ULASIM HIZMETLERI MUDURLUGU;Kanlıca;2828;4803
2024;3;IBB TOPLU ULASIM HIZMETLERI MUDURLUGU;KINALIADA;8033;18025
2024;3;IBB TOPLU ULASIM HIZMETLERI MUDURLUGU;Bebek;7863;13118
2024;3;IBB TOPLU ULASIM HIZMETLERI MUDURLUGU;Bostancı;15023;30622
2024;3;IBB TOPLU ULASIM HIZMETLERI MUDURLUGU;Beşiktaş;21970;34637
2024;3;IBB TOPLU ULASIM HIZMETLERI MUDURLUGU;Ortaköy;8141;12552
2024;3;IBB TOPLU ULASIM HIZMETLERI MUDURLUGU;Sarıyer;12144;23839
2024;3;IDO-ISTANBUL DENIZ OTD. SAN. VE TIC. A.S.;Harem;12974;22012
2024;3;SINIRLI SORUMLU MAVI MARMARA TURIZM DENIZ YOLCU VE YUK TASIMA VE ISLETME KOOPERATIFI;Bostancı;40617;86523
2024;3;S.S. ISTANBUL KARTAL DENIZ YOL YUK VE TURZ TAS MOTORLU TAS KOOP;Kartal;19838;52770
2024;4;IDO-ISTANBUL DENIZ OTD. SAN. VE TIC. A.S.;Sirkeci-Harem;17674;29949
2024;4;IBB TOPLU ULASIM HIZMETLERI MUDURLUGU;BARBAROS;131398;194796
2024;4;IBB TOPLU ULASIM HIZMETLERI MUDURLUGU;Anadolu Kavağı;13176;19437
2024;4;IBB TOPLU ULASIM HIZMETLERI MUDURLUGU;Üsküdar;243810;381994
2024;4;IDO-ISTANBUL DENIZ OTD. SAN. VE TIC. A.S.;Harem;16398;28136
2024;4;IDO-ISTANBUL DENIZ OTD. SAN. VE TIC. A.S.;Yeni Kabataş;7;7
2024;4;IBB TOPLU ULASIM HIZMETLERI MUDURLUGU;Arnavutköy;7723;13462
2024;4;IBB TOPLU ULASIM HIZMETLERI MUDURLUGU;Beşiktaş;35981;53581
2024;4;S.S. ISTANBUL KARTAL DENIZ YOL YUK VE TURZ TAS MOTORLU TAS KOOP;Heybeliada;12634;23236
2024;4;IBB TOPLU ULASIM HIZMETLERI MUDURLUGU;KINALIADA;19622;34613
2024;4;TURYOL - S.S. TURIZM VE YOLCU DENIZ TASIYICILAR KOOPERATIFI;Eminönü;155567;241995
2024;4;IBB TOPLU ULASIM HIZMETLERI MUDURLUGU;Bebek;10743;16762
2024;4;IBB TOPLU ULASIM HIZMETLERI MUDURLUGU;;51103;85933
2024;4;IBB TOPLU ULASIM HIZMETLERI MUDURLUGU;Anadolu Hisarı;12289;21100
2024;4;IBB TOPLU ULASIM HIZMETLERI MUDURLUGU;Çubuklu;2234;2755
2024;4;IBB TOPLU ULASIM HIZMETLERI MUDURLUGU;Ayvansaray;2085;3121
2024;4;IBB TOPLU ULASIM HIZMETLERI MUDURLUGU;Kuzguncuk;261;1020
2024;4;SINIRLI SORUMLU MAVI MARMARA TURIZM DENIZ YOLCU VE YUK TASIMA VE ISLETME KOOPERATIFI;Burgazada;11656;18825
2024;4;IBB TOPLU ULASIM HIZMETLERI MUDURLUGU;ORTAKOY;36622;59318
2024;4;IBB TOPLU ULASIM HIZMETLERI MUDURLUGU;Paşabahçe;1773;3882
2024;4;SINIRLI SORUMLU MAVI MARMARA TURIZM DENIZ YOLCU VE YUK TASIMA VE ISLETME KOOPERATIFI;;225;273
2024;4;IBB TOPLU ULASIM HIZMETLERI MUDURLUGU;Yeni Kabataş;19;43
2024;4;SINIRLI SORUMLU MAVI MARMARA TURIZM DENIZ YOLCU VE YUK TASIMA VE ISLETME KOOPERATIFI;Kınalıada;11244;20858
2024;4;IBB TOPLU ULASIM HIZMETLERI MUDURLUGU;Sarıyer;20815;35269
2024;4;IBB TOPLU ULASIM HIZMETLERI MUDURLUGU;Kadıköy Yeni;7;7
2024;4;IBB TOPLU ULASIM HIZMETLERI MUDURLUGU;İstinye;8112;13129
2024;4;IDO-ISTANBUL DENIZ OTD. SAN. VE TIC. A.S.;Eskihisar;6393;10851
2024;4;BEYDEN DENIZ ULASIM HIZMETLERI TURIZM VE TIC. LTD. STI.;BEYDEN - Beykoz;11832;25289
2024;4;IBB TOPLU ULASIM HIZMETLERI MUDURLUGU;Emirgan;25265;34410
2024;4;TURYOL - S.S. TURIZM VE YOLCU DENIZ TASIYICILAR KOOPERATIFI;Kadıköy Çayırbaşı;208073;331073
2024;4;IBB TOPLU ULASIM HIZMETLERI MUDURLUGU;Rumeli Kavağı;5191;7359
2024;4;IBB TOPLU ULASIM HIZMETLERI MUDURLUGU;YENI Kabataş;105016;180392
2024;4;IBB TOPLU ULASIM HIZMETLERI MUDURLUGU;Kandilli;802;1869
2024;4;IBB TOPLU ULASIM HIZMETLERI MUDURLUGU;Çengelköy;16172;39775
2024;4;IBB TOPLU ULASIM HIZMETLERI MUDURLUGU;BOSTANCI;2917;5761
2024;4;SINIRLI SORUMLU MAVI MARMARA TURIZM DENIZ YOLCU VE YUK TASIMA VE ISLETME KOOPERATIFI;Heybeliada;16955;30980
2024;4;TURYOL - S.S. TURIZM VE YOLCU DENIZ TASIYICILAR KOOPERATIFI;Karaköy;75332;150036
2024;4;IDO-ISTANBUL DENIZ OTD. SAN. VE TIC. A.S.;Topçular;6118;10444
2024;4;IBB TOPLU ULASIM HIZMETLERI MUDURLUGU;Küçüksu;10719;24764
2024;4;IBB TOPLU ULASIM HIZMETLERI MUDURLUGU;Hasköy;10663;18520
2024;4;ISTANBUL SEHIR HATLARI TUR. SAN. VE TIC. AS.;İstinye;20173;37777
2024;4;IBB TOPLU ULASIM HIZMETLERI MUDURLUGU;Karaköy;14465;21170
2024;4;IBB TOPLU ULASIM HIZMETLERI MUDURLUGU;Beylerbeyi;3679;6693
2024;4;IBB TOPLU ULASIM HIZMETLERI MUDURLUGU;HEYBELIADA;35027;62191
2024;4;IBB TOPLU ULASIM HIZMETLERI MUDURLUGU;Bostancı;31789;51925
2024;4;IBB TOPLU ULASIM HIZMETLERI MUDURLUGU;Beykoz;11081;18259
2024;4;IBB TOPLU ULASIM HIZMETLERI MUDURLUGU;KADIKOY ESKI;191220;280577
2024;4;IBB TOPLU ULASIM HIZMETLERI MUDURLUGU;Fener;12651;19359
2024;4;ISTANBUL SEHIR HATLARI TUR. SAN. VE TIC. AS.;Çubuklu Arabalı;18230;34377
2024;4;DENTUR - AVRASYA DENIZ TAS.TUR.HIZ.INS.SAN.TIC. AS.;;601;679
2024;4;IBB TOPLU ULASIM HIZMETLERI MUDURLUGU;KARAKOY;157233;252437
2024;4;TURYOL - S.S. TURIZM VE YOLCU DENIZ TASIYICILAR KOOPERATIFI;Kadıköy Balon;47288;69879
2024;4;DENTUR - AVRASYA DENIZ TAS.TUR.HIZ.INS.SAN.TIC. AS.;Beşiktaş;392597;754462
2024;4;IBB TOPLU ULASIM HIZMETLERI MUDURLUGU;Kanlıca;7048;10065
2024;4;IBB TOPLU ULASIM HIZMETLERI MUDURLUGU;Kasımpaşa;23689;42450
2024;4;TURYOL - S.S. TURIZM VE YOLCU DENIZ TASIYICILAR KOOPERATIFI;Üsküdar;49070;90285
2024;4;IBB TOPLU ULASIM HIZMETLERI MUDURLUGU;Eyüp;30214;43058
2024;4;IBB TOPLU ULASIM HIZMETLERI MUDURLUGU;Balat;4671;7076
2024;4;DENTUR - AVRASYA DENIZ TAS.TUR.HIZ.INS.SAN.TIC. AS.;Kabataş Ahbap İskele;950;1328
2024;4;SINIRLI SORUMLU MAVI MARMARA TURIZM DENIZ YOLCU VE YUK TASIMA VE ISLETME KOOPERATIFI;Büyükada;46956;79344
2024;4;DENTUR - AVRASYA DENIZ TAS.TUR.HIZ.INS.SAN.TIC. AS.;Üsküdar;341666;712296
2024;4;IBB TOPLU ULASIM HIZMETLERI MUDURLUGU;BURGAZADA;23929;39905
2024;4;IBB TOPLU ULASIM HIZMETLERI MUDURLUGU;Yenikapı;2;2
2024;4;S.S. ISTANBUL KARTAL DENIZ YOL YUK VE TURZ TAS MOTORLU TAS KOOP;Büyükada;41461;80055
2024;4;S.S. ISTANBUL KARTAL DENIZ YOL YUK VE TURZ TAS MOTORLU TAS KOOP;Kartal;47549;91967
2024;4;IBB TOPLU ULASIM HIZMETLERI MUDURLUGU;USKUDAR;100683;154908
2024;4;IBB TOPLU ULASIM HIZMETLERI MUDURLUGU;EMINONU BOGAZ;88134;150868
2024;4;DENTUR - AVRASYA DENIZ TAS.TUR.HIZ.INS.SAN.TIC. AS.;YENI Kabataş;53016;108443
2024;4;IBB TOPLU ULASIM HIZMETLERI MUDURLUGU;Sütlüce;5928;9070
2024;4;SINIRLI SORUMLU MAVI MARMARA TURIZM DENIZ YOLCU VE YUK TASIMA VE ISLETME KOOPERATIFI;Bostancı;81486;141414
2024;4;IBB TOPLU ULASIM HIZMETLERI MUDURLUGU;BESIKTAS;21704;34512
2024;4;IBB TOPLU ULASIM HIZMETLERI MUDURLUGU;Kadıköy (Eski);35890;51711
2024;4;ISTANBUL SEHIR HATLARI TUR. SAN. VE TIC. AS.;;197;274
2024;4;IBB TOPLU ULASIM HIZMETLERI MUDURLUGU;Ortaköy;13379;19812
2024;4;IBB TOPLU ULASIM HIZMETLERI MUDURLUGU;Eminönü - Üsküdar;184353;285910
2024;4;IBB TOPLU ULASIM HIZMETLERI MUDURLUGU;KADIKOY YENI;210939;358302
2024;4;BEYDEN DENIZ ULASIM HIZMETLERI TURIZM VE TIC. LTD. STI.;BEYDEN - Yeniköy;11549;26944
2024;4;IBB TOPLU ULASIM HIZMETLERI MUDURLUGU;BUYUKADA;103449;175494
2024;4;IBB TOPLU ULASIM HIZMETLERI MUDURLUGU;Büyükdere;3247;4579
2024;4;IBB TOPLU ULASIM HIZMETLERI MUDURLUGU;EMINONU KADIKOY;179031;274551
2024;4;S.S. ISTANBUL KARTAL DENIZ YOL YUK VE TURZ TAS MOTORLU TAS KOOP;;3511;5128
2024;5;IBB TOPLU ULASIM HIZMETLERI MUDURLUGU;Fener;11389;17850
2024;5;ISTANBUL SEHIR HATLARI TUR. SAN. VE TIC. AS.;;197;284
2024;5;IBB TOPLU ULASIM HIZMETLERI MUDURLUGU;Bostancı;25838;46647
2024;5;IBB TOPLU ULASIM HIZMETLERI MUDURLUGU;Eminönü - Üsküdar;169155;270584
2024;5;DENTUR - AVRASYA DENIZ TAS.TUR.HIZ.INS.SAN.TIC. AS.;;1633;1905
2024;5;DENTUR - AVRASYA DENIZ TAS.TUR.HIZ.INS.SAN.TIC. AS.;Kabataş Ahbap İskele;1824;2500
2024;5;IBB TOPLU ULASIM HIZMETLERI MUDURLUGU;Bebek;9692;16144
2024;5;DENTUR - AVRASYA DENIZ TAS.TUR.HIZ.INS.SAN.TIC. AS.;YENI Kabataş;56743;126162
2024;5;IBB TOPLU ULASIM HIZMETLERI MUDURLUGU;Beşiktaş;30233;46504
2024;5;DENTUR - AVRASYA DENIZ TAS.TUR.HIZ.INS.SAN.TIC. AS.;Beşiktaş;380114;802713
2024;5;IBB TOPLU ULASIM HIZMETLERI MUDURLUGU;KADIKOY ESKI;180546;270576
2024;5;IBB TOPLU ULASIM HIZMETLERI MUDURLUGU;Ayvansaray;1656;2427
2024;5;IDO-ISTANBUL DENIZ OTD. SAN. VE TIC. A.S.;Sirkeci-Harem;14565;25931
2024;5;SINIRLI SORUMLU MAVI MARMARA TURIZM DENIZ YOLCU VE YUK TASIMA VE ISLETME KOOPERATIFI;;33;33
2024;5;DENTUR - AVRASYA DENIZ TAS.TUR.HIZ.INS.SAN.TIC. AS.;Üsküdar;336109;779212
2024;5;IBB TOPLU ULASIM HIZMETLERI MUDURLUGU;Balat;3780;5922
2024;5;IBB TOPLU ULASIM HIZMETLERI MUDURLUGU;KINALIADA;15050;30482
2024;5;IBB TOPLU ULASIM HIZMETLERI MUDURLUGU;Kadıköy Yeni;3;3
2024;5;ISTANBUL SEHIR HATLARI TUR. SAN. VE TIC. AS.;Çubuklu Arabalı;13622;31543
2024;5;S.S. ISTANBUL KARTAL DENIZ YOL YUK VE TURZ TAS MOTORLU TAS KOOP;Büyükada;25496;59004
2024;5;IDO-ISTANBUL DENIZ OTD. SAN. VE TIC. A.S.;Yeni Kabataş;21;26
2024;5;IBB TOPLU ULASIM HIZMETLERI MUDURLUGU;Çengelköy;14548;45553
2024;5;BEYDEN DENIZ ULASIM HIZMETLERI TURIZM VE TIC. LTD. STI.;BEYDEN - Yeniköy;9724;27283
2024;5;IBB TOPLU ULASIM HIZMETLERI MUDURLUGU;Rumeli Kavağı;3938;5755
2024;5;IDO-ISTANBUL DENIZ OTD. SAN. VE TIC. A.S.;Harem;14068;24289
2024;5;TURYOL - S.S. TURIZM VE YOLCU DENIZ TASIYICILAR KOOPERATIFI;Kadıköy Çayırbaşı;182950;302942
2024;5;IBB TOPLU ULASIM HIZMETLERI MUDURLUGU;HEYBELIADA;26703;54095
2024;5;IDO-ISTANBUL DENIZ OTD. SAN. VE TIC. A.S.;Eskihisar;5279;9504
2024;5;TURYOL - S.S. TURIZM VE YOLCU DENIZ TASIYICILAR KOOPERATIFI;Karaköy;67937;152771
2024;5;IBB TOPLU ULASIM HIZMETLERI MUDURLUGU;Beykoz;9709;17440
2024;5;IBB TOPLU ULASIM HIZMETLERI MUDURLUGU;KADIKOY YENI;199667;358923
2024;5;IBB TOPLU ULASIM HIZMETLERI MUDURLUGU;Esenler;86;89
2024;5;IBB TOPLU ULASIM HIZMETLERI MUDURLUGU;Sütlüce;5180;8569
2024;5;S.S. ISTANBUL KARTAL DENIZ YOL YUK VE TURZ TAS MOTORLU TAS KOOP;;138;172
2024;5;IBB TOPLU ULASIM HIZMETLERI MUDURLUGU;Büyükdere;2938;4131
2024;5;TURYOL - S.S. TURIZM VE YOLCU DENIZ TASIYICILAR KOOPERATIFI;Eminönü;131984;211510
2024;5;SINIRLI SORUMLU MAVI MARMARA TURIZM DENIZ YOLCU VE YUK TASIMA VE ISLETME KOOPERATIFI;Bostancı;62004;121637
2024;5;IBB TOPLU ULASIM HIZMETLERI MUDURLUGU;Kasımpaşa;20064;38923
2024;5;S.S. ISTANBUL KARTAL DENIZ YOL YUK VE TURZ TAS MOTORLU TAS KOOP;Kartal;30802;71014
2024;5;IBB TOPLU ULASIM HIZMETLERI MUDURLUGU;İstinye;6618;12086
2024;5;IBB TOPLU ULASIM HIZMETLERI MUDURLUGU;Üsküdar;222532;361288
2024;5;TURYOL - S.S. TURIZM VE YOLCU DENIZ TASIYICILAR KOOPERATIFI;Üsküdar;38056;79782
2024;5;IBB TOPLU ULASIM HIZMETLERI MUDURLUGU;Çubuklu;1689;2185
2024;5;IBB TOPLU ULASIM HIZMETLERI MUDURLUGU;USKUDAR;92239;153189
2024;5;IBB TOPLU ULASIM HIZMETLERI MUDURLUGU;Karaköy;14278;21574
2024;5;TURYOL - S.S. TURIZM VE YOLCU DENIZ TASIYICILAR KOOPERATIFI;Kadıköy Balon;50177;77514
2024;5;IBB TOPLU ULASIM HIZMETLERI MUDURLUGU;;43088;79821
2024;5;SINIRLI SORUMLU MAVI MARMARA TURIZM DENIZ YOLCU VE YUK TASIMA VE ISLETME KOOPERATIFI;Kınalıada;9142;20440
2024;5;IBB TOPLU ULASIM HIZMETLERI MUDURLUGU;Kadıköy (Eski);31164;46879
2024;5;IBB TOPLU ULASIM HIZMETLERI MUDURLUGU;Yenikapı;1;1
2024;5;IBB TOPLU ULASIM HIZMETLERI MUDURLUGU;Aşiyan;2731;3138
2024;5;IBB TOPLU ULASIM HIZMETLERI MUDURLUGU;Moda;186;207
2024;5;IBB TOPLU ULASIM HIZMETLERI MUDURLUGU;Kuzguncuk;346;1279
2024;5;IBB TOPLU ULASIM HIZMETLERI MUDURLUGU;Sarıyer;17045;30939
2024;5;IBB TOPLU ULASIM HIZMETLERI MUDURLUGU;Yeni Kabataş;8;55
2024;5;BEYDEN DENIZ ULASIM HIZMETLERI TURIZM VE TIC. LTD. STI.;BEYDEN - Beykoz;9601;24635
2024;5;IBB TOPLU ULASIM HIZMETLERI MUDURLUGU;Kandilli;897;2422
2024;5;IBB TOPLU ULASIM HIZMETLERI MUDURLUGU;Beylerbeyi;3032;6769
2024;5;IBB TOPLU ULASIM HIZMETLERI MUDURLUGU;YENI Kabataş;89376;168992
2024;5;IBB TOPLU ULASIM HIZMETLERI MUDURLUGU;Hasköy;7759;14496
2024;5;IBB TOPLU ULASIM HIZMETLERI MUDURLUGU;Arnavutköy;7334;13871
2024;5;IBB TOPLU ULASIM HIZMETLERI MUDURLUGU;Eyüp;23447;33036
2024;5;IBB TOPLU ULASIM HIZMETLERI MUDURLUGU;Küçüksu;10195;27981
2024;5;IBB TOPLU ULASIM HIZMETLERI MUDURLUGU;EMINONU KADIKOY;166583;264126
2024;5;IBB TOPLU ULASIM HIZMETLERI MUDURLUGU;KARAKOY;152650;252392
2024;5;SINIRLI SORUMLU MAVI MARMARA TURIZM DENIZ YOLCU VE YUK TASIMA VE ISLETME KOOPERATIFI;Heybeliada;13258;26819
2024;5;IBB TOPLU ULASIM HIZMETLERI MUDURLUGU;Ortaköy;13568;21083
2024;5;IDO-ISTANBUL DENIZ OTD. SAN. VE TIC. A.S.;Topçular;5021;9214
2024;5;IBB TOPLU ULASIM HIZMETLERI MUDURLUGU;ORTAKOY;35408;60977
2024;5;IBB TOPLU ULASIM HIZMETLERI MUDURLUGU;BESIKTAS;17751;31987
2024;5;IBB TOPLU ULASIM HIZMETLERI MUDURLUGU;Kanlıca;4176;6674
2024;5;ISTANBUL SEHIR HATLARI TUR. SAN. VE TIC. AS.;İstinye;14877;34337
2024;5;IBB TOPLU ULASIM HIZMETLERI MUDURLUGU;BOSTANCI;2877;6937
2024;5;IBB TOPLU ULASIM HIZMETLERI MUDURLUGU;Anadolu Kavağı;10619;16135
2024;5;IBB TOPLU ULASIM HIZMETLERI MUDURLUGU;BURGAZADA;20359;36274
2024;5;IBB TOPLU ULASIM HIZMETLERI MUDURLUGU;Paşabahçe;1730;4419
2024;5;S.S. ISTANBUL KARTAL DENIZ YOL YUK VE TURZ TAS MOTORLU TAS KOOP;Heybeliada;8757;19115
2024;5;IBB TOPLU ULASIM HIZMETLERI MUDURLUGU;BARBAROS;129077;198433
2024;5;SINIRLI SORUMLU MAVI MARMARA TURIZM DENIZ YOLCU VE YUK TASIMA VE ISLETME KOOPERATIFI;Büyükada;32830;62567
2024;5;IBB TOPLU ULASIM HIZMETLERI MUDURLUGU;BUYUKADA;80901;148729
2024;5;IBB TOPLU ULASIM HIZMETLERI MUDURLUGU;Anadolu Hisarı;10238;19988
2024;5;IBB TOPLU ULASIM HIZMETLERI MUDURLUGU;Emirgan;9873;14444
2024;5;SINIRLI SORUMLU MAVI MARMARA TURIZM DENIZ YOLCU VE YUK TASIMA VE ISLETME KOOPERATIFI;Burgazada;9429;16488
2024;5;IBB TOPLU ULASIM HIZMETLERI MUDURLUGU;EMINONU BOGAZ;78010;144122
2024;6;ISTANBUL SEHIR HATLARI TUR. SAN. VE TIC. AS.;İstinye;14802;28845
2024;6;IDO-ISTANBUL DENIZ OTD. SAN. VE TIC. A.S.;Topçular;6465;10618
2024;6;IBB TOPLU ULASIM HIZMETLERI MUDURLUGU;EMINONU KADIKOY;168179;261886
2024;6;ISTANBUL SEHIR HATLARI TUR. SAN. VE TIC. AS.;Çubuklu Arabalı;13865;27269
2024;6;IBB TOPLU ULASIM HIZMETLERI MUDURLUGU;BESIKTAS;19314;30824
2024;6;IBB TOPLU ULASIM HIZMETLERI MUDURLUGU;Anadolu Hisarı;10376;17798
2024;6;IBB TOPLU ULASIM HIZMETLERI MUDURLUGU;Eminönü - Üsküdar;174470;274528
2024;6;SINIRLI SORUMLU MAVI MARMARA TURIZM DENIZ YOLCU VE YUK TASIMA VE ISLETME KOOPERATIFI;Heybeliada;27931;47663
2024;6;IBB TOPLU ULASIM HIZMETLERI MUDURLUGU;Beykoz;11923;19036
2024;6;IBB TOPLU ULASIM HIZMETLERI MUDURLUGU;Karaköy;11696;16726
2024;6;IBB TOPLU ULASIM HIZMETLERI MUDURLUGU;Eyüp;28487;40928
2024;6;IBB TOPLU ULASIM HIZMETLERI MUDURLUGU;KARAKOY;147063;235516
2024;6;IDO-ISTANBUL DENIZ OTD. SAN. VE TIC. A.S.;Yeni Kabataş;13;19
2024;6;IBB TOPLU ULASIM HIZMETLERI MUDURLUGU;Sarıyer;23772;39410
2024;6;IBB TOPLU ULASIM HIZMETLERI MUDURLUGU;Kuzguncuk;291;920
2024;6;IBB TOPLU ULASIM HIZMETLERI MUDURLUGU;EMINONU BOGAZ;83474;144458
2024;6;IBB TOPLU ULASIM HIZMETLERI MUDURLUGU;KADIKOY ESKI;182509;265063
2024;6;IBB TOPLU ULASIM HIZMETLERI MUDURLUGU;Emirgan;10583;15799
2024;6;TURYOL - S.S. TURIZM VE YOLCU DENIZ TASIYICILAR KOOPERATIFI;Üsküdar;43600;80455
2024;6;IBB TOPLU ULASIM HIZMETLERI MUDURLUGU;YENI Kabataş;144176;243076
2024;6;IBB TOPLU ULASIM HIZMETLERI MUDURLUGU;Kadıköy (Eski);59351;84602
2024;6;DENTUR - AVRASYA DENIZ TAS.TUR.HIZ.INS.SAN.TIC. AS.;Üsküdar;324695;653987
2024;6;S.S. ISTANBUL KARTAL DENIZ YOL YUK VE TURZ TAS MOTORLU TAS KOOP;Büyükada;50268;94360
2024;6;BEYDEN DENIZ ULASIM HIZMETLERI TURIZM VE TIC. LTD. STI.;BEYDEN - Beykoz;11041;23958
2024;6;IBB TOPLU ULASIM HIZMETLERI MUDURLUGU;Ayvansaray;2120;3211
2024;6;TURYOL - S.S. TURIZM VE YOLCU DENIZ TASIYICILAR KOOPERATIFI;Karaköy;65598;131521
2024;6;IBB TOPLU ULASIM HIZMETLERI MUDURLUGU;Yenikapı;5;6
2024;6;TURYOL - S.S. TURIZM VE YOLCU DENIZ TASIYICILAR KOOPERATIFI;Kadıköy Balon;42223;60681
2024;6;S.S. ISTANBUL KARTAL DENIZ YOL YUK VE TURZ TAS MOTORLU TAS KOOP;Heybeliada;21711;37181
2024;6;IBB TOPLU ULASIM HIZMETLERI MUDURLUGU;Kadıköy Yeni;4;4
2024;6;S.S. ISTANBUL KARTAL DENIZ YOL YUK VE TURZ TAS MOTORLU TAS KOOP;Kartal;65532;119852
2024;6;IBB TOPLU ULASIM HIZMETLERI MUDURLUGU;USKUDAR;98659;152412
2024;6;IBB TOPLU ULASIM HIZMETLERI MUDURLUGU;Kanlıca;5388;7935
2024;6;DENTUR - AVRASYA DENIZ TAS.TUR.HIZ.INS.SAN.TIC. AS.;Beşiktaş;374259;690041
2024;6;IBB TOPLU ULASIM HIZMETLERI MUDURLUGU;BURGAZADA;40889;65571
2024;6;SINIRLI SORUMLU MAVI MARMARA TURIZM DENIZ YOLCU VE YUK TASIMA VE ISLETME KOOPERATIFI;Bostancı;123137;222939
2024;6;IBB TOPLU ULASIM HIZMETLERI MUDURLUGU;BARBAROS;125251;182606
2024;6;TURYOL - S.S. TURIZM VE YOLCU DENIZ TASIYICILAR KOOPERATIFI;Eminönü;148170;230522
2024;6;IBB TOPLU ULASIM HIZMETLERI MUDURLUGU;Balat;4334;6374
2024;6;IBB TOPLU ULASIM HIZMETLERI MUDURLUGU;KINALIADA;51471;90316
2024;6;IBB TOPLU ULASIM HIZMETLERI MUDURLUGU;Arnavutköy;6155;10634
2024;6;S.S. ISTANBUL KARTAL DENIZ YOL YUK VE TURZ TAS MOTORLU TAS KOOP;;3346;5173
2024;6;IBB TOPLU ULASIM HIZMETLERI MUDURLUGU;Ortaköy;12720;19287
2024;6;IBB TOPLU ULASIM HIZMETLERI MUDURLUGU;Yeni Kabataş;387;536
2024;6;IBB TOPLU ULASIM HIZMETLERI MUDURLUGU;Beylerbeyi;3081;5813
2024;6;DENTUR - AVRASYA DENIZ TAS.TUR.HIZ.INS.SAN.TIC. AS.;YENI Kabataş;47670;97723
2024;6;IBB TOPLU ULASIM HIZMETLERI MUDURLUGU;HEYBELIADA;58854;94611
2024;6;IBB TOPLU ULASIM HIZMETLERI MUDURLUGU;Fener;11208;17334
2024;6;IBB TOPLU ULASIM HIZMETLERI MUDURLUGU;BOSTANCI;3165;6226
2024;6;IBB TOPLU ULASIM HIZMETLERI MUDURLUGU;KADIKOY YENI;199616;335847
2024;6;IBB TOPLU ULASIM HIZMETLERI MUDURLUGU;BUYUKADA;132754;221599
2024;6;IBB TOPLU ULASIM HIZMETLERI MUDURLUGU;Çubuklu;1654;2159
2024;6;IBB TOPLU ULASIM HIZMETLERI MUDURLUGU;Kasımpaşa;20649;37731
2024;6;IDO-ISTANBUL DENIZ OTD. SAN. VE TIC. A.S.;Eskihisar;7092;11420
2024;6;IDO-ISTANBUL DENIZ OTD. SAN. VE TIC. A.S.;Bostancı;2;3
2024;6;IBB TOPLU ULASIM HIZMETLERI MUDURLUGU;İstinye;6914;11141
2024;6;IBB TOPLU ULASIM HIZMETLERI MUDURLUGU;Çengelköy;14124;35057
2024;6;IBB TOPLU ULASIM HIZMETLERI MUDURLUGU;Kandilli;753;1721
2024;6;IBB TOPLU ULASIM HIZMETLERI MUDURLUGU;;24103;37076
2024;6;SINIRLI SORUMLU MAVI MARMARA TURIZM DENIZ YOLCU VE YUK TASIMA VE ISLETME KOOPERATIFI;Burgazada;20097;32597
2024;6;IBB TOPLU ULASIM HIZMETLERI MUDURLUGU;Rumeli Kavağı;7538;10537
2024;6;IBB TOPLU ULASIM HIZMETLERI MUDURLUGU;Aşiyan;26038;45712
2024;6;IDO-ISTANBUL DENIZ OTD. SAN. VE TIC. A.S.;Sirkeci-Harem;14905;25233
2024;6;IBB TOPLU ULASIM HIZMETLERI MUDURLUGU;ORTAKOY;31351;51168
2024;6;IBB TOPLU ULASIM HIZMETLERI MUDURLUGU;Üsküdar;241390;383225
2024;6;IDO-ISTANBUL DENIZ OTD. SAN. VE TIC. A.S.;Harem;14147;23680
2024;6;DENTUR - AVRASYA DENIZ TAS.TUR.HIZ.INS.SAN.TIC. AS.;Kabataş Ahbap İskele;3;104
2024;6;IBB TOPLU ULASIM HIZMETLERI MUDURLUGU;Bostancı;43746;66669
2024;6;SINIRLI SORUMLU MAVI MARMARA TURIZM DENIZ YOLCU VE YUK TASIMA VE ISLETME KOOPERATIFI;Büyükada;54930;94095
2024;6;IBB TOPLU ULASIM HIZMETLERI MUDURLUGU;Hasköy;9634;16602
2024;6;IBB TOPLU ULASIM HIZMETLERI MUDURLUGU;Beşiktaş;39702;60142
2024;6;TURYOL - S.S. TURIZM VE YOLCU DENIZ TASIYICILAR KOOPERATIFI;Kadıköy Çayırbaşı;192487;305883
2024;6;ISTANBUL SEHIR HATLARI TUR. SAN. VE TIC. AS.;;122;185
2024;6;IBB TOPLU ULASIM HIZMETLERI MUDURLUGU;Paşabahçe;1891;3798
2024;6;IBB TOPLU ULASIM HIZMETLERI MUDURLUGU;Küçüksu;9162;18621
2024;6;IBB TOPLU ULASIM HIZMETLERI MUDURLUGU;Sütlüce;5985;9111
2024;6;IBB TOPLU ULASIM HIZMETLERI MUDURLUGU;Anadolu Kavağı;15361;22558
2024;6;IBB TOPLU ULASIM HIZMETLERI MUDURLUGU;Poyraz;381;502
2024;6;BEYDEN DENIZ ULASIM HIZMETLERI TURIZM VE TIC. LTD. STI.;BEYDEN - Yeniköy;11019;25434
2024;6;IBB TOPLU ULASIM HIZMETLERI MUDURLUGU;Moda;2844;3879
2024;6;SINIRLI SORUMLU MAVI MARMARA TURIZM DENIZ YOLCU VE YUK TASIMA VE ISLETME KOOPERATIFI;Kınalıada;27454;53472
2024;6;IBB TOPLU ULASIM HIZMETLERI MUDURLUGU;Bebek;10139;16564
2024;6;IBB TOPLU ULASIM HIZMETLERI MUDURLUGU;Büyükdere;3004;4219
2024;7;SINIRLI SORUMLU MAVI MARMARA TURIZM DENIZ YOLCU VE YUK TASIMA VE ISLETME KOOPERATIFI;Bostancı;117820;247091
2024;7;IBB TOPLU ULASIM HIZMETLERI MUDURLUGU;Bostancı;36437;58331
2024;7;IBB TOPLU ULASIM HIZMETLERI MUDURLUGU;İstinye;5904;10587
2024;7;IBB TOPLU ULASIM HIZMETLERI MUDURLUGU;BARBAROS;110774;168105
2024;7;IBB TOPLU ULASIM HIZMETLERI MUDURLUGU;Kandilli;744;1987
2024;7;IBB TOPLU ULASIM HIZMETLERI MUDURLUGU;Paşabahçe;1699;3976
2024;7;IBB TOPLU ULASIM HIZMETLERI MUDURLUGU;KINALIADA;46759;102482
2024;7;IBB TOPLU ULASIM HIZMETLERI MUDURLUGU;Bebek;7853;13674
2024;7;IDO-ISTANBUL DENIZ OTD. SAN. VE TIC. A.S.;Bostancı;1;1
2024;7;IBB TOPLU ULASIM HIZMETLERI MUDURLUGU;BURGAZADA;32744;62129
2024;7;S.S. ISTANBUL KARTAL DENIZ YOL YUK VE TURZ TAS MOTORLU TAS KOOP;;1689;2438
2024;7;DENTUR - AVRASYA DENIZ TAS.TUR.HIZ.INS.SAN.TIC. AS.;Beşiktaş;333258;651429
2024;7;DENTUR - AVRASYA DENIZ TAS.TUR.HIZ.INS.SAN.TIC. AS.;Üsküdar;291292;634908
2024;7;IBB TOPLU ULASIM HIZMETLERI MUDURLUGU;Karaköy;11162;17277
2024;7;IBB TOPLU ULASIM HIZMETLERI MUDURLUGU;Ortaköy;12690;20161
2024;7;S.S. ISTANBUL KARTAL DENIZ YOL YUK VE TURZ TAS MOTORLU TAS KOOP;Heybeliada;20541;37439
2024;7;IBB TOPLU ULASIM HIZMETLERI MUDURLUGU;KADIKOY ESKI;162963;244573
2024;7;IBB TOPLU ULASIM HIZMETLERI MUDURLUGU;Sütlüce;4948;8123
2024;7;IBB TOPLU ULASIM HIZMETLERI MUDURLUGU;Anadolu Hisarı;8056;16105
2024;7;IBB TOPLU ULASIM HIZMETLERI MUDURLUGU;Moda;2522;3786
2024;7;IBB TOPLU ULASIM HIZMETLERI MUDURLUGU;Poyraz;551;869
2024;7;IBB TOPLU ULASIM HIZMETLERI MUDURLUGU;YENI Kabataş;126704;238850
2024;7;SINIRLI SORUMLU MAVI MARMARA TURIZM DENIZ YOLCU VE YUK TASIMA VE ISLETME KOOPERATIFI;Burgazada;18662;34740
2024;7;IBB TOPLU ULASIM HIZMETLERI MUDURLUGU;Küçüksu;7647;20160
2024;7;IBB TOPLU ULASIM HIZMETLERI MUDURLUGU;Emirgan;7929;12233
2024;7;IBB TOPLU ULASIM HIZMETLERI MUDURLUGU;Kasımpaşa;17142;34327
2024;7;IDO-ISTANBUL DENIZ OTD. SAN. VE TIC. A.S.;Eskihisar;6190;10483
2024;7;IBB TOPLU ULASIM HIZMETLERI MUDURLUGU;;20388;33334
2024;7;IDO-ISTANBUL DENIZ OTD. SAN. VE TIC. A.S.;Sirkeci-Harem;14353;26675
2024;7;IBB TOPLU ULASIM HIZMETLERI MUDURLUGU;BUYUKADA;116482;206532
2024;7;ISTANBUL SEHIR HATLARI TUR. SAN. VE TIC. AS.;İstinye;12143;27288
2024;7;IBB TOPLU ULASIM HIZMETLERI MUDURLUGU;Yenikapı;2;2
2024;7;TURYOL - S.S. TURIZM VE YOLCU DENIZ TASIYICILAR KOOPERATIFI;Üsküdar;36288;77192
2024;7;IBB TOPLU ULASIM HIZMETLERI MUDURLUGU;Büyükdere;2685;3963
2024;7;S.S. ISTANBUL KARTAL DENIZ YOL YUK VE TURZ TAS MOTORLU TAS KOOP;Kartal;58095;114510
2024;7;IBB TOPLU ULASIM HIZMETLERI MUDURLUGU;Kanlıca;3952;6155
2024;7;IBB TOPLU ULASIM HIZMETLERI MUDURLUGU;Çengelköy;11956;36180
2024;7;ISTANBUL SEHIR HATLARI TUR. SAN. VE TIC. AS.;;1;2
2024;7;IBB TOPLU ULASIM HIZMETLERI MUDURLUGU;Anadolu Kavağı;13070;20349
2024;7;IBB TOPLU ULASIM HIZMETLERI MUDURLUGU;Sarıyer;20322;36533
2024;7;IDO-ISTANBUL DENIZ OTD. SAN. VE TIC. A.S.;Topçular;5647;9794
2024;7;DENTUR - AVRASYA DENIZ TAS.TUR.HIZ.INS.SAN.TIC. AS.;YENI Kabataş;45034;103290
2024;7;IBB TOPLU ULASIM HIZMETLERI MUDURLUGU;Rumeli Kavağı;6870;9977
2024;7;BEYDEN DENIZ ULASIM HIZMETLERI TURIZM VE TIC. LTD. STI.;BEYDEN - Beykoz;9744;23347
2024;7;IDO-ISTANBUL DENIZ OTD. SAN. VE TIC. A.S.;Harem;13780;25583
2024;7;IDO-ISTANBUL DENIZ OTD. SAN. VE TIC. A.S.;Yeni Kabataş;12;14
2024;7;TURYOL - S.S. TURIZM VE YOLCU DENIZ TASIYICILAR KOOPERATIFI;Kadıköy Çayırbaşı;169663;287191
2024;7;IBB TOPLU ULASIM HIZMETLERI MUDURLUGU;Kadıköy (Eski);51571;78742
2024;7;IBB TOPLU ULASIM HIZMETLERI MUDURLUGU;Fener;9237;14836
2024;7;IBB TOPLU ULASIM HIZMETLERI MUDURLUGU;ORTAKOY;29962;52059
2024;7;IBB TOPLU ULASIM HIZMETLERI MUDURLUGU;Beşiktaş;36367;60876
2024;7;IBB TOPLU ULASIM HIZMETLERI MUDURLUGU;Hasköy;7733;14499
2024;7;TURYOL - S.S. TURIZM VE YOLCU DENIZ TASIYICILAR KOOPERATIFI;Kadıköy Balon;36422;56216
2024;7;IBB TOPLU ULASIM HIZMETLERI MUDURLUGU;Eminönü - Üsküdar;166561;281095
2024;7;TURYOL - S.S. TURIZM VE YOLCU DENIZ TASIYICILAR KOOPERATIFI;Karaköy;58930;135447
2024;7;IBB TOPLU ULASIM HIZMETLERI MUDURLUGU;HEYBELIADA;49791;89280
2024;7;ISTANBUL SEHIR HATLARI TUR. SAN. VE TIC. AS.;Çubuklu Arabalı;11386;24817
2024;7;IBB TOPLU ULASIM HIZMETLERI MUDURLUGU;KADIKOY YENI;177024;317495
2024;7;IBB TOPLU ULASIM HIZMETLERI MUDURLUGU;Beylerbeyi;2536;5565
2024;7;BEYDEN DENIZ ULASIM HIZMETLERI TURIZM VE TIC. LTD. STI.;BEYDEN - Yeniköy;9627;25197
2024;7;SINIRLI SORUMLU MAVI MARMARA TURIZM DENIZ YOLCU VE YUK TASIMA VE ISLETME KOOPERATIFI;Büyükada;51427;97902
2024;7;IBB TOPLU ULASIM HIZMETLERI MUDURLUGU;Çubuklu;1173;1545
2024;7;SINIRLI SORUMLU MAVI MARMARA TURIZM DENIZ YOLCU VE YUK TASIMA VE ISLETME KOOPERATIFI;Kınalıada;28715;69872
2024;7;S.S. ISTANBUL KARTAL DENIZ YOL YUK VE TURZ TAS MOTORLU TAS KOOP;Büyükada;43583;88542
2024;7;IBB TOPLU ULASIM HIZMETLERI MUDURLUGU;Aşiyan;22834;47573
2024;7;IBB TOPLU ULASIM HIZMETLERI MUDURLUGU;Ayvansaray;1707;2631
2024;7;TURYOL - S.S. TURIZM VE YOLCU DENIZ TASIYICILAR KOOPERATIFI;Eminönü;132801;217924
2024;7;IBB TOPLU ULASIM HIZMETLERI MUDURLUGU;BOSTANCI;2958;6780
2024;7;IBB TOPLU ULASIM HIZMETLERI MUDURLUGU;Kuzguncuk;322;1158
2024;7;IBB TOPLU ULASIM HIZMETLERI MUDURLUGU;Kadıköy Yeni;7;7
2024;7;IBB TOPLU ULASIM HIZMETLERI MUDURLUGU;EMINONU BOGAZ;76443;147925
2024;7;IBB TOPLU ULASIM HIZMETLERI MUDURLUGU;Yeni Kabataş;80;108
2024;7;IBB TOPLU ULASIM HIZMETLERI MUDURLUGU;KARAKOY;135319;225964
2024;7;IBB TOPLU ULASIM HIZMETLERI MUDURLUGU;Eyüp;24378;35115
2024;7;IBB TOPLU ULASIM HIZMETLERI MUDURLUGU;EMINONU KADIKOY;146280;241243
2024;7;DENTUR - AVRASYA DENIZ TAS.TUR.HIZ.INS.SAN.TIC. AS.;Kabataş Ahbap İskele;6;105
2024;7;IBB TOPLU ULASIM HIZMETLERI MUDURLUGU;BESIKTAS;16642;29216
2024;7;IBB TOPLU ULASIM HIZMETLERI MUDURLUGU;Arnavutköy;5172;10142
2024;7;IBB TOPLU ULASIM HIZMETLERI MUDURLUGU;Balat;3331;5284
2024;7;IBB TOPLU ULASIM HIZMETLERI MUDURLUGU;Üsküdar;227376;385290
2024;7;SINIRLI SORUMLU MAVI MARMARA TURIZM DENIZ YOLCU VE YUK TASIMA VE ISLETME KOOPERATIFI;Heybeliada;26480;49665
2024;7;IBB TOPLU ULASIM HIZMETLERI MUDURLUGU;Beykoz;9981;17422
2024;7;IBB TOPLU ULASIM HIZMETLERI MUDURLUGU;USKUDAR;85561;140073
2024;8;TURYOL - S.S. TURIZM VE YOLCU DENIZ TASIYICILAR KOOPERATIFI;Karaköy;59765;134007
2024;8;TURYOL - S.S. TURIZM VE YOLCU DENIZ TASIYICILAR KOOPERATIFI;Eminönü;142715;232376
2024;8;IBB TOPLU ULASIM HIZMETLERI MUDURLUGU;Kanlıca;3878;6014
2024;8;TURYOL - S.S. TURIZM VE YOLCU DENIZ TASIYICILAR KOOPERATIFI;Kadıköy Balon;37762;57448
2024;8;IBB TOPLU ULASIM HIZMETLERI MUDURLUGU;;19363;31858
2024;8;IBB TOPLU ULASIM HIZMETLERI MUDURLUGU;Beşiktaş;39017;64447
2024;8;IBB TOPLU ULASIM HIZMETLERI MUDURLUGU;Eminönü - Üsküdar;176800;299605
2024;8;IBB TOPLU ULASIM HIZMETLERI MUDURLUGU;BURGAZADA;30644;59155
2024;8;IBB TOPLU ULASIM HIZMETLERI MUDURLUGU;İstinye;6849;11698
2024;8;S.S. ISTANBUL KARTAL DENIZ YOL YUK VE TURZ TAS MOTORLU TAS KOOP;Büyükada;40807;83988
2024;8;IBB TOPLU ULASIM HIZMETLERI MUDURLUGU;Anadolu Hisarı;7928;14809
2024;8;SINIRLI SORUMLU MAVI MARMARA TURIZM DENIZ YOLCU VE YUK TASIMA VE ISLETME KOOPERATIFI;Bostancı;113177;241771
2024;8;ISTANBUL SEHIR HATLARI TUR. SAN. VE TIC. AS.;İstinye;11911;26003
2024;8;SINIRLI SORUMLU MAVI MARMARA TURIZM DENIZ YOLCU VE YUK TASIMA VE ISLETME KOOPERATIFI;Burgazada;18897;35338
2024;8;IBB TOPLU ULASIM HIZMETLERI MUDURLUGU;KINALIADA;42026;96089
2024;8;IBB TOPLU ULASIM HIZMETLERI MUDURLUGU;Poyraz;548;873
2024;8;IBB TOPLU ULASIM HIZMETLERI MUDURLUGU;BOSTANCI;2898;6409
2024;8;BEYDEN DENIZ ULASIM HIZMETLERI TURIZM VE TIC. LTD. STI.;BEYDEN - Yeniköy;8861;22983
2024;8;IBB TOPLU ULASIM HIZMETLERI MUDURLUGU;HEYBELIADA;45955;84079
2024;8;IBB TOPLU ULASIM HIZMETLERI MUDURLUGU;KARAKOY;137527;228336
2024;8;IBB TOPLU ULASIM HIZMETLERI MUDURLUGU;Kuzguncuk;294;1041
2024;8;IBB TOPLU ULASIM HIZMETLERI MUDURLUGU;Sütlüce;3447;5533
2024;8;DENTUR - AVRASYA DENIZ TAS.TUR.HIZ.INS.SAN.TIC. AS.;Üsküdar;310796;646268
2024;8;IBB TOPLU ULASIM HIZMETLERI MUDURLUGU;Paşabahçe;1508;3535
2024;8;IBB TOPLU ULASIM HIZMETLERI MUDURLUGU;Kandilli;716;1714
2024;8;IBB TOPLU ULASIM HIZMETLERI MUDURLUGU;USKUDAR;82231;133839
2024;8;DENTUR - AVRASYA DENIZ TAS.TUR.HIZ.INS.SAN.TIC. AS.;;311;338
2024;8;IBB TOPLU ULASIM HIZMETLERI MUDURLUGU;EMINONU KADIKOY;155402;256178
2024;8;IBB TOPLU ULASIM HIZMETLERI MUDURLUGU;Sarıyer;20311;35974
2024;8;IBB TOPLU ULASIM HIZMETLERI MUDURLUGU;Eyüp;23163;33059
2024;8;IBB TOPLU ULASIM HIZMETLERI MUDURLUGU;Yenikapı;3;3
2024;8;IBB TOPLU ULASIM HIZMETLERI MUDURLUGU;Rumeli Kavağı;6924;10205
2024;8;IBB TOPLU ULASIM HIZMETLERI MUDURLUGU;Bostancı;33735;55042
2024;8;IBB TOPLU ULASIM HIZMETLERI MUDURLUGU;BARBAROS;109277;164839
2024;8;IDO-ISTANBUL DENIZ OTD. SAN. VE TIC. A.S.;Kadıköy;2;3
2024;8;IBB TOPLU ULASIM HIZMETLERI MUDURLUGU;Kadıköy Yeni;1;1
2024;8;TURYOL - S.S. TURIZM VE YOLCU DENIZ TASIYICILAR KOOPERATIFI;Üsküdar;38466;79558
2024;8;IBB TOPLU ULASIM HIZMETLERI MUDURLUGU;Balat;3174;4896
2024;8;IBB TOPLU ULASIM HIZMETLERI MUDURLUGU;KADIKOY ESKI;164927;246727
2024;8;IDO-ISTANBUL DENIZ OTD. SAN. VE TIC. A.S.;Sirkeci-Harem;16204;30605
2024;8;IBB TOPLU ULASIM HIZMETLERI MUDURLUGU;Üsküdar;246345;418104
2024;8;IBB TOPLU ULASIM HIZMETLERI MUDURLUGU;Küçüksu;7249;16654
2024;8;SINIRLI SORUMLU MAVI MARMARA TURIZM DENIZ YOLCU VE YUK TASIMA VE ISLETME KOOPERATIFI;Kınalıada;26775;66556
2024;8;IBB TOPLU ULASIM HIZMETLERI MUDURLUGU;Fener;8707;13646
2024;8;IBB TOPLU ULASIM HIZMETLERI MUDURLUGU;Bebek;7987;13844
2024;8;IBB TOPLU ULASIM HIZMETLERI MUDURLUGU;Çengelköy;11616;33081
2024;8;DENTUR - AVRASYA DENIZ TAS.TUR.HIZ.INS.SAN.TIC. AS.;YENI Kabataş;47136;102097
2024;8;IBB TOPLU ULASIM HIZMETLERI MUDURLUGU;KADIKOY YENI;182636;325737
2024;8;IBB TOPLU ULASIM HIZMETLERI MUDURLUGU;Moda;2668;4081
2024;8;SINIRLI SORUMLU MAVI MARMARA TURIZM DENIZ YOLCU VE YUK TASIMA VE ISLETME KOOPERATIFI;Büyükada;49240;96468
2024;8;IBB TOPLU ULASIM HIZMETLERI MUDURLUGU;Ayvansaray;1447;2152
2024;8;IBB TOPLU ULASIM HIZMETLERI MUDURLUGU;Arnavutköy;5249;10093
2024;8;IBB TOPLU ULASIM HIZMETLERI MUDURLUGU;Emirgan;7989;12100
2024;8;DENTUR - AVRASYA DENIZ TAS.TUR.HIZ.INS.SAN.TIC. AS.;Kabataş Ahbap İskele;1657;2241
2024;8;IBB TOPLU ULASIM HIZMETLERI MUDURLUGU;BUYUKADA;110692;197364
2024;8;IBB TOPLU ULASIM HIZMETLERI MUDURLUGU;Beylerbeyi;2802;5549
2024;8;IDO-ISTANBUL DENIZ OTD. SAN. VE TIC. A.S.;Topçular;6109;11032
2024;8;IBB TOPLU ULASIM HIZMETLERI MUDURLUGU;Yeni Kabataş;3098;4334
2024;8;S.S. ISTANBUL KARTAL DENIZ YOL YUK VE TURZ TAS MOTORLU TAS KOOP;;82;125
2024;8;IBB TOPLU ULASIM HIZMETLERI MUDURLUGU;Anadolu Kavağı;12717;20010
2024;8;IBB TOPLU ULASIM HIZMETLERI MUDURLUGU;YENI Kabataş;116120;221089
2024;8;IDO-ISTANBUL DENIZ OTD. SAN. VE TIC. A.S.;Harem;15898;30213
2024;8;IBB TOPLU ULASIM HIZMETLERI MUDURLUGU;Kadıköy (Eski);46657;72220
2024;8;IBB TOPLU ULASIM HIZMETLERI MUDURLUGU;Büyükdere;2656;4016
2024;8;DENTUR - AVRASYA DENIZ TAS.TUR.HIZ.INS.SAN.TIC. AS.;Beşiktaş;343144;650024
2024;8;IBB TOPLU ULASIM HIZMETLERI MUDURLUGU;Beykoz;9934;16750
2024;8;IBB TOPLU ULASIM HIZMETLERI MUDURLUGU;ORTAKOY;32715;56463
2024;8;IDO-ISTANBUL DENIZ OTD. SAN. VE TIC. A.S.;Eskihisar;6661;11753
2024;8;TURYOL - S.S. TURIZM VE YOLCU DENIZ TASIYICILAR KOOPERATIFI;Kadıköy Çayırbaşı;176383;298443
2024;8;IBB TOPLU ULASIM HIZMETLERI MUDURLUGU;Aşiyan;21589;41263
2024;8;IBB TOPLU ULASIM HIZMETLERI MUDURLUGU;Karaköy;12525;19400
2024;8;IBB TOPLU ULASIM HIZMETLERI MUDURLUGU;Ortaköy;13999;22208
2024;8;IBB TOPLU ULASIM HIZMETLERI MUDURLUGU;Hasköy;7125;12999
2024;8;IBB TOPLU ULASIM HIZMETLERI MUDURLUGU;EMINONU BOGAZ;81004;153885
2024;8;IBB TOPLU ULASIM HIZMETLERI MUDURLUGU;Kasımpaşa;15148;30019
2024;8;ISTANBUL SEHIR HATLARI TUR. SAN. VE TIC. AS.;Çubuklu Arabalı;10901;23568
2024;8;IDO-ISTANBUL DENIZ OTD. SAN. VE TIC. A.S.;Yeni Kabataş;27;35
2024;8;S.S. ISTANBUL KARTAL DENIZ YOL YUK VE TURZ TAS MOTORLU TAS KOOP;Kartal;56828;112475
2024;8;SINIRLI SORUMLU MAVI MARMARA TURIZM DENIZ YOLCU VE YUK TASIMA VE ISLETME KOOPERATIFI;Heybeliada;23974;46288
2024;8;IBB TOPLU ULASIM HIZMETLERI MUDURLUGU;BESIKTAS;16595;28839
2024;8;IBB TOPLU ULASIM HIZMETLERI MUDURLUGU;Çubuklu;1186;1560
2024;8;BEYDEN DENIZ ULASIM HIZMETLERI TURIZM VE TIC. LTD. STI.;BEYDEN - Beykoz;9184;22320
2024;8;S.S. ISTANBUL KARTAL DENIZ YOL YUK VE TURZ TAS MOTORLU TAS KOOP;Heybeliada;19962;36415
2024;9;IBB TOPLU ULASIM HIZMETLERI MUDURLUGU;Beykoz;7791;14058
2024;9;TURYOL - S.S. TURIZM VE YOLCU DENIZ TASIYICILAR KOOPERATIFI;Kadıköy Çayırbaşı;152056;253059
2024;9;IBB TOPLU ULASIM HIZMETLERI MUDURLUGU;Yenikapı;1;1
2024;9;IBB TOPLU ULASIM HIZMETLERI MUDURLUGU;Emirgan;6597;10079
2024;9;IBB TOPLU ULASIM HIZMETLERI MUDURLUGU;KADIKOY ESKI;133709;202815
2024;9;IBB TOPLU ULASIM HIZMETLERI MUDURLUGU;Kanlıca;2986;4852
2024;9;DENTUR - AVRASYA DENIZ TAS.TUR.HIZ.INS.SAN.TIC. AS.;;8;8
2024;9;IBB TOPLU ULASIM HIZMETLERI MUDURLUGU;Büyükdere;2236;3394
2024;9;BEYDEN DENIZ ULASIM HIZMETLERI TURIZM VE TIC. LTD. STI.;BEYDEN - Yeniköy;7757;22174
2024;9;IBB TOPLU ULASIM HIZMETLERI MUDURLUGU;ORTAKOY;28862;51355
2024;9;SINIRLI SORUMLU MAVI MARMARA TURIZM DENIZ YOLCU VE YUK TASIMA VE ISLETME KOOPERATIFI;Heybeliada;14537;30647
2024;9;TURYOL - S.S. TURIZM VE YOLCU DENIZ TASIYICILAR KOOPERATIFI;Kadıköy Balon;33919;52182
2024;9;IBB TOPLU ULASIM HIZMETLERI MUDURLUGU;KARAKOY;125716;210144
2024;9;IBB TOPLU ULASIM HIZMETLERI MUDURLUGU;USKUDAR;72194;123856
2024;9;IDO-ISTANBUL DENIZ OTD. SAN. VE TIC. A.S.;Harem;12840;22648
2024;9;IBB TOPLU ULASIM HIZMETLERI MUDURLUGU;Bebek;7585;12995
2024;9;IBB TOPLU ULASIM HIZMETLERI MUDURLUGU;BOSTANCI;2292;5642
2024;9;S.S. ISTANBUL KARTAL DENIZ YOL YUK VE TURZ TAS MOTORLU TAS KOOP;;534;660
2024;9;IBB TOPLU ULASIM HIZMETLERI MUDURLUGU;Kasımpaşa;16385;32442
2024;9;S.S. ISTANBUL KARTAL DENIZ YOL YUK VE TURZ TAS MOTORLU TAS KOOP;Heybeliada;8669;19185
2024;9;IBB TOPLU ULASIM HIZMETLERI MUDURLUGU;Arnavutköy;5178;9890
2024;9;IDO-ISTANBUL DENIZ OTD. SAN. VE TIC. A.S.;Sirkeci-Harem;12571;22744
2024;9;IDO-ISTANBUL DENIZ OTD. SAN. VE TIC. A.S.;Yeni Kabataş;49;53
2024;9;IBB TOPLU ULASIM HIZMETLERI MUDURLUGU;EMINONU KADIKOY;132250;215879
2024;9;IBB TOPLU ULASIM HIZMETLERI MUDURLUGU;Sarıyer;15387;27856
2024;9;IBB TOPLU ULASIM HIZMETLERI MUDURLUGU;KINALIADA;20116;51403
2024;9;IBB TOPLU ULASIM HIZMETLERI MUDURLUGU;Beşiktaş;26942;42741
2024;9;IBB TOPLU ULASIM HIZMETLERI MUDURLUGU;Anadolu Hisarı;7385;14817
2024;9;IBB TOPLU ULASIM HIZMETLERI MUDURLUGU;Karaköy;10717;16693
2024;9;S.S. ISTANBUL KARTAL DENIZ YOL YUK VE TURZ TAS MOTORLU TAS KOOP;Kartal;27979;65659
2024;9;BEYDEN DENIZ ULASIM HIZMETLERI TURIZM VE TIC. LTD. STI.;BEYDEN - Beykoz;7844;20748
2024;9;IBB TOPLU ULASIM HIZMETLERI MUDURLUGU;YENI Kabataş;78383;156702
2024;9;IBB TOPLU ULASIM HIZMETLERI MUDURLUGU;Üsküdar;197044;326682
2024;9;IBB TOPLU ULASIM HIZMETLERI MUDURLUGU;Kuzguncuk;274;1198
2024;9;IBB TOPLU ULASIM HIZMETLERI MUDURLUGU;Eminönü - Üsküdar;139902;231476
2024;9;IBB TOPLU ULASIM HIZMETLERI MUDURLUGU;Aşiyan;20645;42592
2024;9;IDO-ISTANBUL DENIZ OTD. SAN. VE TIC. A.S.;Topçular;4841;9085
2024;9;IBB TOPLU ULASIM HIZMETLERI MUDURLUGU;Rumeli Kavağı;4633;6781
2024;9;IDO-ISTANBUL DENIZ OTD. SAN. VE TIC. A.S.;Eskihisar;5032;9384
2024;9;IBB TOPLU ULASIM HIZMETLERI MUDURLUGU;Sütlüce;3851;6345
2024;9;IBB TOPLU ULASIM HIZMETLERI MUDURLUGU;BESIKTAS;13773;25890
2024;9;IBB TOPLU ULASIM HIZMETLERI MUDURLUGU;İstinye;5004;8996
2024;9;SINIRLI SORUMLU MAVI MARMARA TURIZM DENIZ YOLCU VE YUK TASIMA VE ISLETME KOOPERATIFI;Büyükada;30762;62079
2024;9;IBB TOPLU ULASIM HIZMETLERI MUDURLUGU;Fener;9185;14962
2024;9;IBB TOPLU ULASIM HIZMETLERI MUDURLUGU;KADIKOY YENI;168502;305095
2024;9;IBB TOPLU ULASIM HIZMETLERI MUDURLUGU;EMINONU BOGAZ;66671;126627
2024;9;DENTUR - AVRASYA DENIZ TAS.TUR.HIZ.INS.SAN.TIC. AS.;Üsküdar;260209;587708
2024;9;IBB TOPLU ULASIM HIZMETLERI MUDURLUGU;Moda;2029;3132
2024;9;TURYOL - S.S. TURIZM VE YOLCU DENIZ TASIYICILAR KOOPERATIFI;Karaköy;57983;131039
2024;9;IBB TOPLU ULASIM HIZMETLERI MUDURLUGU;Kadıköy (Eski);25774;42217
2024;9;IBB TOPLU ULASIM HIZMETLERI MUDURLUGU;Hasköy;6851;12934
2024;9;IBB TOPLU ULASIM HIZMETLERI MUDURLUGU;Balat;3283;5279
2024;9;IBB TOPLU ULASIM HIZMETLERI MUDURLUGU;Bostancı;20252;34779
2024;9;IBB TOPLU ULASIM HIZMETLERI MUDURLUGU;Anadolu Kavağı;9592;14782
2024;9;IBB TOPLU ULASIM HIZMETLERI MUDURLUGU;BURGAZADA;18398;36725
2024;9;IBB TOPLU ULASIM HIZMETLERI MUDURLUGU;Çubuklu;911;1233
2024;9;IBB TOPLU ULASIM HIZMETLERI MUDURLUGU;Küçüksu;7261;18412
2024;9;DENTUR - AVRASYA DENIZ TAS.TUR.HIZ.INS.SAN.TIC. AS.;YENI Kabataş;43136;96893
2024;9;IBB TOPLU ULASIM HIZMETLERI MUDURLUGU;;10792;18514
2024;9;IBB TOPLU ULASIM HIZMETLERI MUDURLUGU;Çengelköy;10906;36631
2024;9;IBB TOPLU ULASIM HIZMETLERI MUDURLUGU;HEYBELIADA;23495;52003
2024;9;IBB TOPLU ULASIM HIZMETLERI MUDURLUGU;Ayvansaray;1372;1975
2024;9;IBB TOPLU ULASIM HIZMETLERI MUDURLUGU;Poyraz;100;128
2024;9;SINIRLI SORUMLU MAVI MARMARA TURIZM DENIZ YOLCU VE YUK TASIMA VE ISLETME KOOPERATIFI;Burgazada;11157;20681
2024;9;IBB TOPLU ULASIM HIZMETLERI MUDURLUGU;Yeni Kabataş;2121;2648
2024;9;TURYOL - S.S. TURIZM VE YOLCU DENIZ TASIYICILAR KOOPERATIFI;Üsküdar;33866;70693
2024;9;IBB TOPLU ULASIM HIZMETLERI MUDURLUGU;Eyüp;20061;28516
2024;9;IBB TOPLU ULASIM HIZMETLERI MUDURLUGU;BUYUKADA;70505;131524
2024;9;TURYOL - S.S. TURIZM VE YOLCU DENIZ TASIYICILAR KOOPERATIFI;Eminönü;119308;191314
2024;9;IBB TOPLU ULASIM HIZMETLERI MUDURLUGU;BARBAROS;88204;135213
2024;9;IBB TOPLU ULASIM HIZMETLERI MUDURLUGU;Kandilli;647;1638
2024;9;IBB TOPLU ULASIM HIZMETLERI MUDURLUGU;Kadıköy Yeni;6;6
2024;9;ISTANBUL SEHIR HATLARI TUR. SAN. VE TIC. AS.;İstinye;10863;26056
2024;9;SINIRLI SORUMLU MAVI MARMARA TURIZM DENIZ YOLCU VE YUK TASIMA VE ISLETME KOOPERATIFI;Kınalıada;14424;36184
2024;9;SINIRLI SORUMLU MAVI MARMARA TURIZM DENIZ YOLCU VE YUK TASIMA VE ISLETME KOOPERATIFI;Bostancı;66333;143634
2024;9;IBB TOPLU ULASIM HIZMETLERI MUDURLUGU;Paşabahçe;1409;3683
2024;9;DENTUR - AVRASYA DENIZ TAS.TUR.HIZ.INS.SAN.TIC. AS.;Beşiktaş;290470;596696
2024;9;IBB TOPLU ULASIM HIZMETLERI MUDURLUGU;Beylerbeyi;2513;5584
2024;9;IBB TOPLU ULASIM HIZMETLERI MUDURLUGU;Ortaköy;10516;16398
2024;9;S.S. ISTANBUL KARTAL DENIZ YOL YUK VE TURZ TAS MOTORLU TAS KOOP;Büyükada;22820;54410
2024;9;ISTANBUL SEHIR HATLARI TUR. SAN. VE TIC. AS.;Çubuklu Arabalı;9821;23132
2024;9;DENTUR - AVRASYA DENIZ TAS.TUR.HIZ.INS.SAN.TIC. AS.;Kabataş Ahbap İskele;1545;2106
2024;9;IDO-ISTANBUL DENIZ OTD. SAN. VE TIC. A.S.;Kadıköy;2;2
2024;10;TURYOL - S.S. TURIZM VE YOLCU DENIZ TASIYICILAR KOOPERATIFI;Eminönü;134264;220682
2024;10;IBB TOPLU ULASIM HIZMETLERI MUDURLUGU;;9816;17163
2024;10;IBB TOPLU ULASIM HIZMETLERI MUDURLUGU;Büyükdere;2312;3504
2024;10;IBB TOPLU ULASIM HIZMETLERI MUDURLUGU;BESIKTAS;13686;26888
2024;10;IBB TOPLU ULASIM HIZMETLERI MUDURLUGU;BOSTANCI;2527;6142
2024;10;BEYDEN DENIZ ULASIM HIZMETLERI TURIZM VE TIC. LTD. STI.;BEYDEN - Beykoz;8411;22123
2024;10;IBB TOPLU ULASIM HIZMETLERI MUDURLUGU;Bebek;7847;13462
2024;10;DENTUR - AVRASYA DENIZ TAS.TUR.HIZ.INS.SAN.TIC. AS.;YENI Kabataş;52666;120552
2024;10;IBB TOPLU ULASIM HIZMETLERI MUDURLUGU;Çubuklu;1073;1454
2024;10;SINIRLI SORUMLU MAVI MARMARA TURIZM DENIZ YOLCU VE YUK TASIMA VE ISLETME KOOPERATIFI;Büyükada;24757;51274
2024;10;IBB TOPLU ULASIM HIZMETLERI MUDURLUGU;Kadıköy (Eski);19675;32530
2024;10;DENTUR - AVRASYA DENIZ TAS.TUR.HIZ.INS.SAN.TIC. AS.;Beşiktaş;331057;737204
2024;10;IBB TOPLU ULASIM HIZMETLERI MUDURLUGU;Beylerbeyi;2577;6066
2024;10;IBB TOPLU ULASIM HIZMETLERI MUDURLUGU;YENI Kabataş;70701;143911
2024;10;S.S. ISTANBUL KARTAL DENIZ YOL YUK VE TURZ TAS MOTORLU TAS KOOP;Heybeliada;6602;16742
2024;10;BEYDEN DENIZ ULASIM HIZMETLERI TURIZM VE TIC. LTD. STI.;BEYDEN - Yeniköy;8377;24385
2024;10;ISTANBUL SEHIR HATLARI TUR. SAN. VE TIC. AS.;Çubuklu Arabalı;11073;27615
2024;10;IBB TOPLU ULASIM HIZMETLERI MUDURLUGU;Balat;3692;6208
2024;10;IBB TOPLU ULASIM HIZMETLERI MUDURLUGU;Beykoz;8263;15676
2024;10;IBB TOPLU ULASIM HIZMETLERI MUDURLUGU;KADIKOY YENI;183041;336597
2024;10;IBB TOPLU ULASIM HIZMETLERI MUDURLUGU;Moda;1959;3143
2024;10;IBB TOPLU ULASIM HIZMETLERI MUDURLUGU;Eminönü - Üsküdar;147316;241956
2024;10;IBB TOPLU ULASIM HIZMETLERI MUDURLUGU;Kandilli;654;1692
2024;10;IBB TOPLU ULASIM HIZMETLERI MUDURLUGU;Üsküdar;207137;344018
2024;10;IBB TOPLU ULASIM HIZMETLERI MUDURLUGU;HEYBELIADA;17546;43545
2024;10;IBB TOPLU ULASIM HIZMETLERI MUDURLUGU;Bostancı;18567;34186
2024;10;SINIRLI SORUMLU MAVI MARMARA TURIZM DENIZ YOLCU VE YUK TASIMA VE ISLETME KOOPERATIFI;Burgazada;8209;14940
2024;10;IBB TOPLU ULASIM HIZMETLERI MUDURLUGU;USKUDAR;77095;136579
2024;10;IBB TOPLU ULASIM HIZMETLERI MUDURLUGU;KADIKOY ESKI;144847;228399
2024;10;IBB TOPLU ULASIM HIZMETLERI MUDURLUGU;Paşabahçe;1409;3917
2024;10;IBB TOPLU ULASIM HIZMETLERI MUDURLUGU;Çengelköy;12313;43034
2024;10;IBB TOPLU ULASIM HIZMETLERI MUDURLUGU;Anadolu Hisarı;8472;18954
2024;10;IBB TOPLU ULASIM HIZMETLERI MUDURLUGU;BUYUKADA;56434;111533
2024;10;S.S. ISTANBUL KARTAL DENIZ YOL YUK VE TURZ TAS MOTORLU TAS KOOP;Büyükada;19398;49819
2024;10;IBB TOPLU ULASIM HIZMETLERI MUDURLUGU;EMINONU BOGAZ;66627;129427
2024;10;IDO-ISTANBUL DENIZ OTD. SAN. VE TIC. A.S.;Harem;13433;23688
2024;10;IBB TOPLU ULASIM HIZMETLERI MUDURLUGU;Eyüp;21841;31730
2024;10;IDO-ISTANBUL DENIZ OTD. SAN. VE TIC. A.S.;Topçular;4774;9679
2024;10;SINIRLI SORUMLU MAVI MARMARA TURIZM DENIZ YOLCU VE YUK TASIMA VE ISLETME KOOPERATIFI;Heybeliada;10136;22914
2024;10;IBB TOPLU ULASIM HIZMETLERI MUDURLUGU;Karaköy;13421;19781
2024;10;IBB TOPLU ULASIM HIZMETLERI MUDURLUGU;Kadıköy Yeni;3;3
2024;10;IBB TOPLU ULASIM HIZMETLERI MUDURLUGU;Beşiktaş;24599;38555
2024;10;IBB TOPLU ULASIM HIZMETLERI MUDURLUGU;KINALIADA;11530;28126
2024;10;IDO-ISTANBUL DENIZ OTD. SAN. VE TIC. A.S.;Sirkeci-Harem;13470;23976
2024;10;IBB TOPLU ULASIM HIZMETLERI MUDURLUGU;Anadolu Kavağı;8638;13589
2024;10;ISTANBUL SEHIR HATLARI TUR. SAN. VE TIC. AS.;İstinye;11946;30913
2024;10;IBB TOPLU ULASIM HIZMETLERI MUDURLUGU;Kuzguncuk;290;1266
2024;10;S.S. ISTANBUL KARTAL DENIZ YOL YUK VE TURZ TAS MOTORLU TAS KOOP;Kartal;23422;60189
2024;10;SINIRLI SORUMLU MAVI MARMARA TURIZM DENIZ YOLCU VE YUK TASIMA VE ISLETME KOOPERATIFI;Kınalıada;8599;19830
2024;10;IBB TOPLU ULASIM HIZMETLERI MUDURLUGU;BARBAROS;96225;154630
2024;10;IDO-ISTANBUL DENIZ OTD. SAN. VE TIC. A.S.;Eskihisar;5004;10008
2024;10;IBB TOPLU ULASIM HIZMETLERI MUDURLUGU;Sütlüce;6263;10895
2024;10;IBB TOPLU ULASIM HIZMETLERI MUDURLUGU;Ortaköy;11311;18200
2024;10;IBB TOPLU ULASIM HIZMETLERI MUDURLUGU;Küçüksu;9069;30677
2024;10;IBB TOPLU ULASIM HIZMETLERI MUDURLUGU;Kasımpaşa;18273;36773
2024;10;SINIRLI SORUMLU MAVI MARMARA TURIZM DENIZ YOLCU VE YUK TASIMA VE ISLETME KOOPERATIFI;Bostancı;50954;107964
2024;10;TURYOL - S.S. TURIZM VE YOLCU DENIZ TASIYICILAR KOOPERATIFI;Kadıköy Balon;40151;63930
2024;10;IBB TOPLU ULASIM HIZMETLERI MUDURLUGU;BURGAZADA;14578;28923
2024;10;IBB TOPLU ULASIM HIZMETLERI MUDURLUGU;İstinye;5340;9847
2024;10;TURYOL - S.S. TURIZM VE YOLCU DENIZ TASIYICILAR KOOPERATIFI;Üsküdar;40577;83123
2024;10;S.S. ISTANBUL KARTAL DENIZ YOL YUK VE TURZ TAS MOTORLU TAS KOOP;;213;370
2024;10;IBB TOPLU ULASIM HIZMETLERI MUDURLUGU;Aşiyan;24040;61512
2024;10;TURYOL - S.S. TURIZM VE YOLCU DENIZ TASIYICILAR KOOPERATIFI;Karaköy;65935;146244
2024;10;IBB TOPLU ULASIM HIZMETLERI MUDURLUGU;EMINONU KADIKOY;142980;235893
2024;10;IBB TOPLU ULASIM HIZMETLERI MUDURLUGU;Fener;9863;16621
2024;10;IBB TOPLU ULASIM HIZMETLERI MUDURLUGU;Rumeli Kavağı;3675;5618
2024;10;IBB TOPLU ULASIM HIZMETLERI MUDURLUGU;Kanlıca;3203;5269
2024;10;IBB TOPLU ULASIM HIZMETLERI MUDURLUGU;KARAKOY;144530;240099
2024;10;DENTUR - AVRASYA DENIZ TAS.TUR.HIZ.INS.SAN.TIC. AS.;Kabataş Ahbap İskele;817;984
2024;10;IBB TOPLU ULASIM HIZMETLERI MUDURLUGU;Emirgan;6787;10247
2024;10;IBB TOPLU ULASIM HIZMETLERI MUDURLUGU;Sarıyer;15026;27954
2024;10;IBB TOPLU ULASIM HIZMETLERI MUDURLUGU;Ayvansaray;1414;2202
2024;10;DENTUR - AVRASYA DENIZ TAS.TUR.HIZ.INS.SAN.TIC. AS.;Üsküdar;293951;719247
2024;10;IBB TOPLU ULASIM HIZMETLERI MUDURLUGU;ORTAKOY;30635;55016
2024;10;TURYOL - S.S. TURIZM VE YOLCU DENIZ TASIYICILAR KOOPERATIFI;Kadıköy Çayırbaşı;173090;290902
2024;10;IBB TOPLU ULASIM HIZMETLERI MUDURLUGU;Hasköy;7957;15651
2024;10;IBB TOPLU ULASIM HIZMETLERI MUDURLUGU;Arnavutköy;5426;10464
2024;11;SINIRLI SORUMLU MAVI MARMARA TURIZM DENIZ YOLCU VE YUK TASIMA VE ISLETME KOOPERATIFI;Burgazada;3965;8515
2024;11;IBB TOPLU ULASIM HIZMETLERI MUDURLUGU;Bostancı;11883;24969
2024;11;IBB TOPLU ULASIM HIZMETLERI MUDURLUGU;Beşiktaş;17773;28011
2024;11;IBB TOPLU ULASIM HIZMETLERI MUDURLUGU;Anadolu Hisarı;6443;15028
2024;11;IBB TOPLU ULASIM HIZMETLERI MUDURLUGU;USKUDAR;62012;112602
2024;11;DENTUR - AVRASYA DENIZ TAS.TUR.HIZ.INS.SAN.TIC. AS.;Beşiktaş;288598;648275
2024;11;IBB TOPLU ULASIM HIZMETLERI MUDURLUGU;YENI Kabataş;49976;105768
2024;11;IBB TOPLU ULASIM HIZMETLERI MUDURLUGU;Kadıköy (Eski);11033;20298
2024;11;IBB TOPLU ULASIM HIZMETLERI MUDURLUGU;ORTAKOY;25056;45931
2024;11;IBB TOPLU ULASIM HIZMETLERI MUDURLUGU;Paşabahçe;1122;3594
2024;11;IBB TOPLU ULASIM HIZMETLERI MUDURLUGU;Eminönü - Üsküdar;122454;202490
2024;11;IBB TOPLU ULASIM HIZMETLERI MUDURLUGU;KINALIADA;5216;15251
2024;11;IBB TOPLU ULASIM HIZMETLERI MUDURLUGU;Aşiyan;18824;47746
2024;11;ISTANBUL SEHIR HATLARI TUR. SAN. VE TIC. AS.;Çubuklu Arabalı;9543;25601
2024;11;TURYOL - S.S. TURIZM VE YOLCU DENIZ TASIYICILAR KOOPERATIFI;Eminönü;106346;177794
2024;11;IBB TOPLU ULASIM HIZMETLERI MUDURLUGU;Kanlıca;2113;3865
2024;11;IBB TOPLU ULASIM HIZMETLERI MUDURLUGU;Üsküdar;171399;287658
2024;11;IBB TOPLU ULASIM HIZMETLERI MUDURLUGU;Küçüksu;7358;24899
2024;11;IBB TOPLU ULASIM HIZMETLERI MUDURLUGU;KADIKOY YENI;158303;292816
2024;11;SINIRLI SORUMLU MAVI MARMARA TURIZM DENIZ YOLCU VE YUK TASIMA VE ISLETME KOOPERATIFI;Bostancı;30120;70511
2024;11;SINIRLI SORUMLU MAVI MARMARA TURIZM DENIZ YOLCU VE YUK TASIMA VE ISLETME KOOPERATIFI;Heybeliada;6751;17443
2024;11;IBB TOPLU ULASIM HIZMETLERI MUDURLUGU;Çengelköy;10413;39369
2024;11;SINIRLI SORUMLU MAVI MARMARA TURIZM DENIZ YOLCU VE YUK TASIMA VE ISLETME KOOPERATIFI;Büyükada;15740;35802
2024;11;DENTUR - AVRASYA DENIZ TAS.TUR.HIZ.INS.SAN.TIC. AS.;Üsküdar;255103;640188
2024;11;IBB TOPLU ULASIM HIZMETLERI MUDURLUGU;Beylerbeyi;1994;5244
2024;11;SINIRLI SORUMLU MAVI MARMARA TURIZM DENIZ YOLCU VE YUK TASIMA VE ISLETME KOOPERATIFI;;1372;1518
2024;11;IBB TOPLU ULASIM HIZMETLERI MUDURLUGU;EMINONU BOGAZ;53447;106560
2024;11;IDO-ISTANBUL DENIZ OTD. SAN. VE TIC. A.S.;Eskihisar;4615;9231
2024;11;IBB TOPLU ULASIM HIZMETLERI MUDURLUGU;Kadıköy Yeni;3;3
2024;11;TURYOL - S.S. TURIZM VE YOLCU DENIZ TASIYICILAR KOOPERATIFI;Kadıköy Çayırbaşı;132566;224379
2024;11;IDO-ISTANBUL DENIZ OTD. SAN. VE TIC. A.S.;Sirkeci-Harem;11534;20592
2024;11;S.S. ISTANBUL KARTAL DENIZ YOL YUK VE TURZ TAS MOTORLU TAS KOOP;Kartal;15467;44819
2024;11;S.S. ISTANBUL KARTAL DENIZ YOL YUK VE TURZ TAS MOTORLU TAS KOOP;Büyükada;12902;37261
2024;11;IBB TOPLU ULASIM HIZMETLERI MUDURLUGU;İstinye;4087;8095
2024;11;IBB TOPLU ULASIM HIZMETLERI MUDURLUGU;Kandilli;575;1507
2024;11;DENTUR - AVRASYA DENIZ TAS.TUR.HIZ.INS.SAN.TIC. AS.;YENI Kabataş;45156;107077
2024;11;IBB TOPLU ULASIM HIZMETLERI MUDURLUGU;Büyükdere;1855;2764
2024;11;DENTUR - AVRASYA DENIZ TAS.TUR.HIZ.INS.SAN.TIC. AS.;Kabataş Ahbap İskele;1422;2117
2024;11;IBB TOPLU ULASIM HIZMETLERI MUDURLUGU;Arnavutköy;4502;8912
2024;11;TURYOL - S.S. TURIZM VE YOLCU DENIZ TASIYICILAR KOOPERATIFI;Karaköy;54147;122086
2024;11;IBB TOPLU ULASIM HIZMETLERI MUDURLUGU;;5875;11201
2024;11;S.S. ISTANBUL KARTAL DENIZ YOL YUK VE TURZ TAS MOTORLU TAS KOOP;Heybeliada;4277;11969
2024;11;IDO-ISTANBUL DENIZ OTD. SAN. VE TIC. A.S.;Harem;11423;20081
2024;11;IBB TOPLU ULASIM HIZMETLERI MUDURLUGU;EMINONU KADIKOY;119291;194772
2024;11;IBB TOPLU ULASIM HIZMETLERI MUDURLUGU;Rumeli Kavağı;2068;3531
2024;11;SINIRLI SORUMLU MAVI MARMARA TURIZM DENIZ YOLCU VE YUK TASIMA VE ISLETME KOOPERATIFI;Kınalıada;4000;10256
2024;11;IBB TOPLU ULASIM HIZMETLERI MUDURLUGU;BUYUKADA;32752;75543
2024;11;IBB TOPLU ULASIM HIZMETLERI MUDURLUGU;Sarıyer;10592;21331
2024;11;IBB TOPLU ULASIM HIZMETLERI MUDURLUGU;BURGAZADA;6589;16379
2024;11;IBB TOPLU ULASIM HIZMETLERI MUDURLUGU;KADIKOY ESKI;122381;190790
2024;11;IBB TOPLU ULASIM HIZMETLERI MUDURLUGU;Kasımpaşa;15927;32409
2024;11;IBB TOPLU ULASIM HIZMETLERI MUDURLUGU;Bebek;7564;12562
2024;11;IBB TOPLU ULASIM HIZMETLERI MUDURLUGU;Kuzguncuk;259;1059
2024;11;IBB TOPLU ULASIM HIZMETLERI MUDURLUGU;Fener;8112;13511
2024;11;IBB TOPLU ULASIM HIZMETLERI MUDURLUGU;Moda;1395;2253
2024;11;TURYOL - S.S. TURIZM VE YOLCU DENIZ TASIYICILAR KOOPERATIFI;Kadıköy Balon;34037;55108
2024;11;IBB TOPLU ULASIM HIZMETLERI MUDURLUGU;Anadolu Kavağı;5218;9072
2024;11;IBB TOPLU ULASIM HIZMETLERI MUDURLUGU;Ayvansaray;1080;1767
2024;11;IBB TOPLU ULASIM HIZMETLERI MUDURLUGU;Çubuklu;728;1013
2024;11;IBB TOPLU ULASIM HIZMETLERI MUDURLUGU;HEYBELIADA;10145;30456
2024;11;IBB TOPLU ULASIM HIZMETLERI MUDURLUGU;Balat;3005;5112
2024;11;IBB TOPLU ULASIM HIZMETLERI MUDURLUGU;Sütlüce;6364;10969
2024;11;TURYOL - S.S. TURIZM VE YOLCU DENIZ TASIYICILAR KOOPERATIFI;Üsküdar;31150;67986
2024;11;IBB TOPLU ULASIM HIZMETLERI MUDURLUGU;Karaköy;11561;17615
2024;11;IBB TOPLU ULASIM HIZMETLERI MUDURLUGU;Beykoz;6048;12682
2024;11;ISTANBUL SEHIR HATLARI TUR. SAN. VE TIC. AS.;İstinye;10631;28536
2024;11;BEYDEN DENIZ ULASIM HIZMETLERI TURIZM VE TIC. LTD. STI.;BEYDEN - Beykoz;6940;19983
2024;11;IBB TOPLU ULASIM HIZMETLERI MUDURLUGU;BARBAROS;86133;137018
2024;11;IBB TOPLU ULASIM HIZMETLERI MUDURLUGU;BOSTANCI;1792;4926
2024;11;BEYDEN DENIZ ULASIM HIZMETLERI TURIZM VE TIC. LTD. STI.;BEYDEN - Yeniköy;7237;22216
2024;11;IBB TOPLU ULASIM HIZMETLERI MUDURLUGU;Eyüp;16344;23637
2024;11;IBB TOPLU ULASIM HIZMETLERI MUDURLUGU;BESIKTAS;10777;22201
2024;11;IBB TOPLU ULASIM HIZMETLERI MUDURLUGU;Ortaköy;9219;14900
2024;11;IBB TOPLU ULASIM HIZMETLERI MUDURLUGU;KARAKOY;117844;194309
2024;11;IBB TOPLU ULASIM HIZMETLERI MUDURLUGU;Hasköy;6818;13777
2024;11;IDO-ISTANBUL DENIZ OTD. SAN. VE TIC. A.S.;Topçular;4403;8949
2024;11;IBB TOPLU ULASIM HIZMETLERI MUDURLUGU;Emirgan;4520;6982
2024;12;IBB TOPLU ULASIM HIZMETLERI MUDURLUGU;Ayvansaray;915;1523
2024;12;IBB TOPLU ULASIM HIZMETLERI MUDURLUGU;Kandilli;531;1532
2024;12;IBB TOPLU ULASIM HIZMETLERI MUDURLUGU;Küçüksu;6950;26310
2024;12;IBB TOPLU ULASIM HIZMETLERI MUDURLUGU;KINALIADA;3517;12470
2024;12;IBB TOPLU ULASIM HIZMETLERI MUDURLUGU;HEYBELIADA;8279;29206
2024;12;IBB TOPLU ULASIM HIZMETLERI MUDURLUGU;Arnavutköy;3871;8250
2024;12;SINIRLI SORUMLU MAVI MARMARA TURIZM DENIZ YOLCU VE YUK TASIMA VE ISLETME KOOPERATIFI;Burgazada;2885;7419
2024;12;IBB TOPLU ULASIM HIZMETLERI MUDURLUGU;Kanlıca;1806;3588
2024;12;IDO-ISTANBUL DENIZ OTD. SAN. VE TIC. A.S.;Sirkeci-Harem;10432;18831
2024;12;IBB TOPLU ULASIM HIZMETLERI MUDURLUGU;KADIKOY ESKI;118140;186569
2024;12;TURYOL - S.S. TURIZM VE YOLCU DENIZ TASIYICILAR KOOPERATIFI;Eminönü;98811;165883
2024;12;IBB TOPLU ULASIM HIZMETLERI MUDURLUGU;Anadolu Hisarı;6010;15599
2024;12;TURYOL - S.S. TURIZM VE YOLCU DENIZ TASIYICILAR KOOPERATIFI;Üsküdar;28421;64609
2024;12;IBB TOPLU ULASIM HIZMETLERI MUDURLUGU;Moda;1179;1968
2024;12;S.S. ISTANBUL KARTAL DENIZ YOL YUK VE TURZ TAS MOTORLU TAS KOOP;Kartal;12862;43703
2024;12;IBB TOPLU ULASIM HIZMETLERI MUDURLUGU;USKUDAR;52718;101552
2024;12;IBB TOPLU ULASIM HIZMETLERI MUDURLUGU;Aşiyan;17348;47619
2024;12;S.S. ISTANBUL KARTAL DENIZ YOL YUK VE TURZ TAS MOTORLU TAS KOOP;Büyükada;10481;34947
2024;12;IBB TOPLU ULASIM HIZMETLERI MUDURLUGU;Anadolu Kavağı;3670;7102
2024;12;IBB TOPLU ULASIM HIZMETLERI MUDURLUGU;Eyüp;13152;19534
2024;12;IBB TOPLU ULASIM HIZMETLERI MUDURLUGU;Kadıköy (Eski);8443;16800
2024;12;IBB TOPLU ULASIM HIZMETLERI MUDURLUGU;Kuzguncuk;248;1078
2024;12;IBB TOPLU ULASIM HIZMETLERI MUDURLUGU;Balat;2408;4312
2024;12;IBB TOPLU ULASIM HIZMETLERI MUDURLUGU;Emirgan;3544;5804
2024;12;SINIRLI SORUMLU MAVI MARMARA TURIZM DENIZ YOLCU VE YUK TASIMA VE ISLETME KOOPERATIFI;Bostancı;24550;63932
2024;12;IBB TOPLU ULASIM HIZMETLERI MUDURLUGU;BUYUKADA;23934;63794
2024;12;IBB TOPLU ULASIM HIZMETLERI MUDURLUGU;Paşabahçe;1043;3614
2024;12;IBB TOPLU ULASIM HIZMETLERI MUDURLUGU;Beykoz;5325;12168
2024;12;ISTANBUL SEHIR HATLARI TUR. SAN. VE TIC. AS.;Çubuklu Arabalı;9248;26212
2024;12;IDO-ISTANBUL DENIZ OTD. SAN. VE TIC. A.S.;Harem;9891;17774
2024;12;IBB TOPLU ULASIM HIZMETLERI MUDURLUGU;BURGAZADA;4683;14260
2024;12;SINIRLI SORUMLU MAVI MARMARA TURIZM DENIZ YOLCU VE YUK TASIMA VE ISLETME KOOPERATIFI;Heybeliada;5642;16209
2024;12;BEYDEN DENIZ ULASIM HIZMETLERI TURIZM VE TIC. LTD. STI.;BEYDEN - Beykoz;6412;19951
2024;12;IBB TOPLU ULASIM HIZMETLERI MUDURLUGU;Bostancı;9590;22247
2024;12;BEYDEN DENIZ ULASIM HIZMETLERI TURIZM VE TIC. LTD. STI.;BEYDEN - Yeniköy;6653;22161
2024;12;IBB TOPLU ULASIM HIZMETLERI MUDURLUGU;Büyükdere;1523;2334
2024;12;IBB TOPLU ULASIM HIZMETLERI MUDURLUGU;KARAKOY;115206;189323
2024;12;IBB TOPLU ULASIM HIZMETLERI MUDURLUGU;Beşiktaş;15071;24132
2024;12;IBB TOPLU ULASIM HIZMETLERI MUDURLUGU;Üsküdar;156406;261853
2024;12;IBB TOPLU ULASIM HIZMETLERI MUDURLUGU;BARBAROS;81484;131382
2024;12;DENTUR - AVRASYA DENIZ TAS.TUR.HIZ.INS.SAN.TIC. AS.;Kabataş Ahbap İskele;979;1359
2024;12;IBB TOPLU ULASIM HIZMETLERI MUDURLUGU;İstinye;3586;7585
2024;12;IBB TOPLU ULASIM HIZMETLERI MUDURLUGU;Karaköy;10141;15111
2024;12;IBB TOPLU ULASIM HIZMETLERI MUDURLUGU;;4747;10246
2024;12;IDO-ISTANBUL DENIZ OTD. SAN. VE TIC. A.S.;Topçular;4311;8839
2024;12;IBB TOPLU ULASIM HIZMETLERI MUDURLUGU;Çubuklu;570;909
2024;12;IBB TOPLU ULASIM HIZMETLERI MUDURLUGU;Çengelköy;9579;40542
2024;12;IBB TOPLU ULASIM HIZMETLERI MUDURLUGU;YENI Kabataş;44118;97684
2024;12;IBB TOPLU ULASIM HIZMETLERI MUDURLUGU;EMINONU BOGAZ;45607;94924
2024;12;IBB TOPLU ULASIM HIZMETLERI MUDURLUGU;Hasköy;6249;13431
2024;12;SINIRLI SORUMLU MAVI MARMARA TURIZM DENIZ YOLCU VE YUK TASIMA VE ISLETME KOOPERATIFI;Kınalıada;2937;8741
2024;12;TURYOL - S.S. TURIZM VE YOLCU DENIZ TASIYICILAR KOOPERATIFI;Kadıköy Çayırbaşı;134803;227377
2024;12;IBB TOPLU ULASIM HIZMETLERI MUDURLUGU;Bebek;6128;10432
2024;12;IBB TOPLU ULASIM HIZMETLERI MUDURLUGU;Poyraz;2;2
2024;12;IBB TOPLU ULASIM HIZMETLERI MUDURLUGU;BESIKTAS;9290;20362
2024;12;IBB TOPLU ULASIM HIZMETLERI MUDURLUGU;Kasımpaşa;14660;30806
2024;12;TURYOL - S.S. TURIZM VE YOLCU DENIZ TASIYICILAR KOOPERATIFI;Karaköy;52651;125574
2024;12;IBB TOPLU ULASIM HIZMETLERI MUDURLUGU;EMINONU KADIKOY;115533;187116
2024;12;DENTUR - AVRASYA DENIZ TAS.TUR.HIZ.INS.SAN.TIC. AS.;Üsküdar;240415;625946
2024;12;IBB TOPLU ULASIM HIZMETLERI MUDURLUGU;ORTAKOY;21755;41275
2024;12;IBB TOPLU ULASIM HIZMETLERI MUDURLUGU;Kadıköy Yeni;2;2
2024;12;IBB TOPLU ULASIM HIZMETLERI MUDURLUGU;Ortaköy;8010;12986
2024;12;IDO-ISTANBUL DENIZ OTD. SAN. VE TIC. A.S.;Eskihisar;4472;9152
2024;12;S.S. ISTANBUL KARTAL DENIZ YOL YUK VE TURZ TAS MOTORLU TAS KOOP;Heybeliada;3983;12910
2024;12;IBB TOPLU ULASIM HIZMETLERI MUDURLUGU;Rumeli Kavağı;1608;2851
2024;12;IBB TOPLU ULASIM HIZMETLERI MUDURLUGU;Fener;6889;11863
2024;12;DENTUR - AVRASYA DENIZ TAS.TUR.HIZ.INS.SAN.TIC. AS.;Beşiktaş;271021;628837
2024;12;DENTUR - AVRASYA DENIZ TAS.TUR.HIZ.INS.SAN.TIC. AS.;YENI Kabataş;39871;101881
2024;12;IBB TOPLU ULASIM HIZMETLERI MUDURLUGU;Eminönü - Üsküdar;112862;185929
2024;12;ISTANBUL SEHIR HATLARI TUR. SAN. VE TIC. AS.;İstinye;10051;28258
2024;12;IBB TOPLU ULASIM HIZMETLERI MUDURLUGU;Sarıyer;9326;19907
2024;12;TURYOL - S.S. TURIZM VE YOLCU DENIZ TASIYICILAR KOOPERATIFI;Kadıköy Balon;33527;54701
2024;12;IBB TOPLU ULASIM HIZMETLERI MUDURLUGU;Sütlüce;3903;7812
2024;12;IBB TOPLU ULASIM HIZMETLERI MUDURLUGU;KADIKOY YENI;149060;279367
2024;12;SINIRLI SORUMLU MAVI MARMARA TURIZM DENIZ YOLCU VE YUK TASIMA VE ISLETME KOOPERATIFI;Büyükada;12557;31767
2024;12;IBB TOPLU ULASIM HIZMETLERI MUDURLUGU;BOSTANCI;1635;4986
2024;12;IBB TOPLU ULASIM HIZMETLERI MUDURLUGU;Beylerbeyi;1677;4695
